PLOT_YEAR,YEAR,PLOT,date,time,E,A,Ci,gsw
7030_2022,2022,7030,20220902,10:32,0.003687491,13.72016374,400.2506909,0.338388708
7077_2022,2022,7077,20220903,11:14,0.005147466,15.58836193,377.4385779,0.312849724
7067_2022,2022,7067,20220903,10:18,0.005101577,31.57012275,267.0237495,0.308102246
7145_2022,2022,7145,20220905,8:38,0.006351612,24.36503953,311.2843043,0.304638247
7072_2022,2022,7072,20220903,10:56,0.005311814,11.08561343,400.0461522,0.25351158
7079_2022,2022,7079,20220903,11:26,0.005208617,32.69156238,252.5082746,0.296944953
7375_2022,2022,7375,20220903,9:27,0.004862802,20.83358668,336.4127556,0.296379006
7312_2022,2022,7312,20220902,9:23,0.00462672,9.127164205,412.8261723,0.254562018
7057_2022,2022,7057,20220903,8:57,0.003764006,9.94756767,410.3831014,0.273659123
7049_2022,2022,7049,20220903,8:54,0.003404169,15.58827786,366.0345701,0.262699124
7201_2022,2022,7201,20220905,8:46,0.005753942,27.19040458,264.9696054,0.256426987
7059_2022,2022,7059,20220903,10:16,0.004558437,26.39168021,274.2299922,0.255468441
7324_2022,2022,7324,20220902,11:36,0.002851667,17.5054168,347.8365844,0.251517577
7368_2022,2022,7368,20220903,9:35,0.004566323,33.87849268,210.8263446,0.250346862
7385_2022,2022,7385,20220904,8:39,0.004465013,23.52190412,293.0962767,0.249294559
7052_2022,2022,7052,20220903,8:51,0.003627665,17.00926291,346.8108298,0.248950881
7008_2022,2022,7008,20220902,8:32,0.004335589,11.05721092,392.2661323,0.247454108
7193_2022,2022,7193,20220905,8:25,0.005704224,21.42986911,304.7809627,0.247287222
7102_2022,2022,7102,20220904,10:57,0.005511652,29.3366777,240.0227343,0.244814357
7201_2022,2022,7201,20220905,9:13,0.005606387,27.17766082,256.0173492,0.243446177
7031_2022,2022,7031,20220902,10:27,0.002942668,18.57201703,335.0356947,0.243254684
7170_2022,2022,7170,20220905,8:22,0.00556828,24.58498704,275.5805051,0.240965523
7081_2022,2022,7081,20220903,11:23,0.004483305,19.85406523,317.8225874,0.24081662
7243_2022,2022,7243,20220905,9:04,0.005429483,22.12130931,294.0314173,0.237675959
7077_2022,2022,7077,20220903,11:21,0.004420246,18.95588439,323.6701367,0.237597763
7193_2022,2022,7193,20220905,8:24,0.005572343,24.93723518,269.9967483,0.237548882
7412_2022,2022,7412,20220904,11:00,0.005357852,28.47237372,241.4221565,0.237440474
7061_2022,2022,7061,20220903,9:19,0.003140714,16.95457534,342.7973793,0.233887542
7082_2022,2022,7082,20220903,11:25,0.004384855,27.30639378,250.6543941,0.233364691
7040_2022,2022,7040,20220903,9:43,0.004331469,28.56774807,236.6878058,0.229535841
7043_2022,2022,7043,20220903,9:40,0.004294166,14.50510151,355.4200554,0.228134021
7082_2022,2022,7082,20220903,11:20,0.00470007,15.69689068,343.2913238,0.227579355
7046_2022,2022,7046,20220903,9:31,0.004299779,29.4455042,226.8749056,0.226854557
7214_2022,2022,7214,20220905,9:15,0.005247098,22.30482602,284.9416454,0.226275899
7371_2022,2022,7371,20220903,11:05,0.004262787,31.86582665,205.0026463,0.225929816
7041_2022,2022,7041,20220903,9:41,0.004158405,23.49023808,275.5412353,0.222750966
7091_2022,2022,7091,20220904,8:25,0.004322338,17.53596286,316.017396,0.220925086
7113_2022,2022,7113,20220904,11:14,0.005121402,22.36787909,280.5956612,0.220564128
7373_2022,2022,7373,20220903,11:06,0.004685283,16.76565602,329.4285013,0.219584527
7383_2022,2022,7383,20220904,8:58,0.005049892,16.49104416,321.1939346,0.21785612
7112_2022,2022,7112,20220904,9:49,0.005076865,30.58071971,203.6666154,0.216058684
7046_2022,2022,7046,20220903,9:39,0.004397329,17.09714634,323.5700505,0.213447925
7314_2022,2022,7314,20220902,9:48,0.003730553,9.152038614,398.6854723,0.212421189
7312_2022,2022,7312,20220902,9:54,0.003352251,15.05534066,346.8241931,0.212141653
7001_2022,2022,7001,20220902,8:35,0.003397606,14.92245487,346.0835643,0.211298884
7315_2022,2022,7315,20220902,9:29,0.003480149,5.289445908,435.0084509,0.211262043
7076_2022,2022,7076,20220903,11:07,0.003994758,28.46614022,219.5434182,0.209950723
7087_2022,2022,7087,20220904,8:36,0.003911939,18.08762259,312.7307732,0.206223558
7314_2022,2022,7314,20220902,9:46,0.003670101,9.272484728,395.0919057,0.20531498
7105_2022,2022,7105,20220904,9:14,0.004945539,27.57410225,219.1393884,0.204805459
7354_2022,2022,7354,20220903,8:39,0.002993964,8.848641692,402.347319,0.204618234
7359_2022,2022,7359,20220903,9:46,0.00404063,19.61438369,296.6296207,0.204425789
7145_2022,2022,7145,20220905,8:35,0.004889863,23.2859003,258.119654,0.203259912
7007_2022,2022,7007,20220902,9:02,0.003645381,13.06287372,357.9078013,0.203236401
7097_2022,2022,7097,20220904,9:44,0.004889494,26.13219567,230.1453245,0.202288536
7381_2022,2022,7381,20220904,9:01,0.004958448,18.88181967,287.0894451,0.201739479
7091_2022,2022,7091,20220904,8:30,0.00392947,17.70610149,300.9613779,0.199264191
7009_2022,2022,7009,20220902,9:44,0.003533464,12.39055397,361.7683438,0.197416145
7345_2022,2022,7345,20220903,8:37,0.002934656,21.05908107,280.4494503,0.19677179
7004_2022,2022,7004,20220902,9:45,0.003645089,9.200772406,392.0863574,0.196692152
7351_2022,2022,7351,20220903,8:25,0.003323799,16.5314672,321.051623,0.195909463
7087_2022,2022,7087,20220904,8:05,0.003903524,23.02531108,256.6740092,0.195629773
7007_2022,2022,7007,20220902,8:27,0.003385502,24.80431502,240.7899758,0.195316427
7097_2022,2022,7097,20220904,10:55,0.004695782,27.42226376,208.5854844,0.193724754
7326_2022,2022,7326,20220902,11:33,0.002455257,26.61854872,223.493655,0.192972885
7301_2022,2022,7301,20220902,9:52,0.003265917,21.66533632,269.4783688,0.192862828
7060_2022,2022,7060,20220903,9:25,0.003820647,27.45782974,209.2245589,0.191909429
7516_2022,2022,7516,20220905,9:02,0.004727356,19.86484887,280.9409006,0.191891978
7369_2022,2022,7369,20220903,10:23,0.004307347,14.11655994,338.053387,0.191799493
7047_2022,2022,7047,20220903,9:19,0.00298191,16.58590043,318.1921305,0.191092585
7095_2022,2022,7095,20220904,8:45,0.003811506,20.06823181,269.8562866,0.190652771
7321_2022,2022,7321,20220902,11:34,0.002709372,10.74886633,377.8189688,0.190389458
7112_2022,2022,7112,20220904,9:04,0.004737426,32.19653976,156.0293688,0.1896137
7094_2022,2022,7094,20220904,8:13,0.003713251,23.76469711,242.23865,0.188314284
7063_2022,2022,7063,20220903,9:21,0.00356188,19.86789803,280.4813364,0.186618687
7053_2022,2022,7053,20220903,9:35,0.004205204,11.63454049,411.7022959,0.18528142
7335_2022,2022,7335,20220902,11:10,0.002416001,28.09975831,198.5983111,0.184862039
7081_2022,2022,7081,20220903,11:22,0.004164636,16.70365011,306.9314383,0.184550609
7378_2022,2022,7378,20220904,8:49,0.00435532,15.40081072,311.5002807,0.184220404
7485_2022,2022,7485,20220905,8:05,0.004651279,23.47050738,236.8769041,0.184022912
7335_2022,2022,7335,20220902,11:09,0.002452326,28.29149444,194.5894636,0.183588322
7361_2022,2022,7361,20220903,9:23,0.003575617,21.89627573,255.3575965,0.182339378
7079_2022,2022,7079,20220903,11:30,0.004266376,15.66496014,314.3214371,0.18105677
7073_2022,2022,7073,20220903,10:45,0.004012385,17.20056453,298.472303,0.180104372
7095_2022,2022,7095,20220904,8:41,0.003963762,14.12663759,323.911801,0.180101638
7110_2022,2022,7110,20220904,10:18,0.004434256,25.66406861,208.5433739,0.178854557
7022_2022,2022,7022,20220902,10:39,0.002389497,24.48842715,228.4791837,0.178721993
7052_2022,2022,7052,20220903,8:25,0.00284974,20.38492544,269.6197247,0.178378568
7001_2022,2022,7001,20220902,8:48,0.002934848,21.67493586,255.1735467,0.17792629
7057_2022,2022,7057,20220903,8:47,0.002563646,12.16784824,357.014572,0.177489595
7167_2022,2022,7167,20220905,8:30,0.004478562,23.82838516,224.0138924,0.176152566
7357_2022,2022,7357,20220903,8:18,0.002918342,15.3469029,316.8293181,0.173121975
7098_2022,2022,7098,20220904,10:47,0.004243579,30.50783244,146.3524219,0.171368535
7017_2022,2022,7017,20220902,9:31,0.002868107,22.02811457,240.1087998,0.169817881
7062_2022,2022,7062,20220903,9:28,0.003467708,23.76024803,218.8891299,0.168671338
7486_2022,2022,7486,20220905,8:42,0.004331667,24.13729485,211.1106977,0.168478535
7096_2022,2022,7096,20220904,10:36,0.004219752,24.13965381,211.569556,0.168460536
7324_2022,2022,7324,20220902,11:46,0.002180964,24.03353785,220.2954386,0.168157093
7407_2022,2022,7407,20220904,10:34,0.0042107,21.27975922,242.5953942,0.168115103
7352_2022,2022,7352,20220903,8:23,0.002924408,15.61279199,309.0498232,0.167804303
7048_2022,2022,7048,20220903,9:05,0.002487261,22.40018668,236.5313357,0.167587015
7402_2022,2022,7402,20220904,9:36,0.004243559,23.19508537,219.8237338,0.167109439
7100_2022,2022,7100,20220904,10:15,0.00425964,9.21705542,374.4676262,0.167089384
7170_2022,2022,7170,20220905,7:46,0.004232834,19.80034708,257.4610236,0.167071358
7258_2022,2022,7258,20220905,8:15,0.004302408,20.93048221,244.5475171,0.167004244
7316_2022,2022,7316,20220902,9:16,0.003082445,11.03366018,358.1680462,0.165844365
7418_2022,2022,7418,20220905,9:24,0.004188856,24.44025044,204.197471,0.16564009
7056_2022,2022,7056,20220903,9:46,0.003710107,14.69364449,313.6279227,0.165460706
7333_2022,2022,7333,20220902,11:09,0.002514785,14.71032986,318.428359,0.16505604
7375_2022,2022,7375,20220903,10:22,0.003365838,26.47270766,181.5970345,0.163732482
7073_2022,2022,7073,20220903,11:02,0.003268408,20.81280796,245.6488634,0.163399086
7336_2022,2022,7336,20220902,11:13,0.002269045,12.86914351,339.3259163,0.163386328
7362_2022,2022,7362,20220903,10:08,0.003554917,13.54826061,325.3793998,0.163344513
7382_2022,2022,7382,20220904,8:51,0.004178473,17.31935667,270.4513011,0.162686172
7020_2022,2022,7020,20220902,10:47,0.002236122,30.71009413,134.3798598,0.161980417
7339_2022,2022,7339,20220903,8:59,0.002659074,15.98488233,299.7284458,0.161388637
7107_2022,2022,7107,20220904,11:10,0.004032081,27.45740377,160.8507141,0.159578936
7021_2022,2022,7021,20220902,10:42,0.002158819,27.25777344,169.1659356,0.158908706
7347_2022,2022,7347,20220903,8:09,0.002678,10.43612322,362.3379285,0.158086465
7099_2022,2022,7099,20220904,10:49,0.003913654,17.07264722,278.4240825,0.157634472
7409_2022,2022,7409,20220904,10:42,0.0040172,20.83382259,234.2068312,0.157507992
7306_2022,2022,7306,20220902,9:12,0.002661243,24.29197396,198.1924049,0.156737165
7006_2022,2022,7006,20220902,9:17,0.002707763,6.022189578,412.7685292,0.156444773
7059_2022,2022,7059,20220903,10:27,0.003249292,24.19545025,196.0737342,0.156264694
7035_2022,2022,7035,20220902,10:54,0.002464078,15.00168386,306.9013211,0.156257442
7332_2022,2022,7332,20220902,11:06,0.002101479,28.27729116,151.1372037,0.155515657
7074_2022,2022,7074,20220903,10:58,0.003329377,23.19534031,206.4495647,0.155489723
7406_2022,2022,7406,20220904,10:01,0.00391896,21.83293174,219.6213053,0.155210713
7329_2022,2022,7329,20220902,11:22,0.002112514,17.20439404,282.1618968,0.155104708
7005_2022,2022,7005,20220902,8:53,0.002674345,13.8974327,317.8687824,0.154963627
7068_2022,2022,7068,20220903,10:36,0.003663022,10.19180293,356.824125,0.154664934
7011_2022,2022,7011,20220902,9:19,0.002889646,6.673512513,402.6654815,0.154362623
7024_2022,2022,7024,20220902,10:40,0.002417684,15.77870396,295.445221,0.154118272
7019_2022,2022,7019,20220902,9:14,0.002580299,8.035280111,388.2916247,0.153706581
7369_2022,2022,7369,20220903,10:47,0.003382572,15.29963155,296.1852385,0.153681344
7414_2022,2022,7414,20220904,10:46,0.003882215,26.26419079,164.6038926,0.153534663
7085_2022,2022,7085,20220903,11:01,0.003243797,21.57326454,222.135105,0.153030172
7332_2022,2022,7332,20220902,11:19,0.002115396,19.64992102,250.2432266,0.15299085
7023_2022,2022,7023,20220902,10:36,0.002384209,16.2561171,288.4630418,0.152852912
7030_2022,2022,7030,20220902,10:28,0.002260921,9.861752387,366.3724422,0.152526221
7325_2022,2022,7325,20220902,11:25,0.002062248,18.50147613,263.384374,0.152334383
7002_2022,2022,7002,20220902,8:59,0.002609248,25.90365146,169.2066502,0.150977229
7301_2022,2022,7301,20220902,9:01,0.002554037,23.02669131,204.066607,0.150851162
7343_2022,2022,7343,20220903,8:18,0.002550304,16.52374224,283.0330533,0.150618935
7364_2022,2022,7364,20220903,10:09,0.00319012,22.05589772,211.8061777,0.150006946
7063_2022,2022,7063,20220903,10:09,0.003452305,11.2185292,341.2719277,0.149583439
7048_2022,2022,7048,20220903,9:06,0.002514092,12.41350054,331.1706261,0.149378112
7006_2022,2022,7006,20220902,8:34,0.002544432,12.2493705,333.5525156,0.148905409
7085_2022,2022,7085,20220904,8:08,0.003174564,16.26262068,280.4987229,0.148420616
7002_2022,2022,7002,20220902,8:30,0.002537047,16.92180245,273.5223341,0.147962803
7032_2022,2022,7032,20220902,10:20,0.002327236,17.30304222,269.7476348,0.147934207
7397_2022,2022,7397,20220904,10:16,0.003795301,20.33440429,226.6727396,0.14769419
7106_2022,2022,7106,20220904,9:12,0.004011131,23.27643326,189.1138917,0.147439353
7486_2022,2022,7486,20220905,8:49,0.003859433,23.06161016,191.3514979,0.146887551
7371_2022,2022,7371,20220903,10:21,0.003556732,14.99688532,291.150943,0.146835045
7340_2022,2022,7340,20220903,8:57,0.002311245,16.28599462,281.7375265,0.146315205
7025_2022,2022,7025,20220902,10:42,0.002101559,15.02640828,297.1438357,0.146107476
7381_2022,2022,7381,20220904,8:50,0.003951982,14.66630786,283.9580757,0.145027507
7353_2022,2022,7353,20220903,8:34,0.002445718,17.16574296,265.5609341,0.143935091
7311_2022,2022,7311,20220902,9:42,0.002505972,24.62968654,172.0660266,0.143836666
7106_2022,2022,7106,20220904,9:21,0.003821012,27.05064885,135.6924721,0.14366043
7404_2022,2022,7404,20220904,9:41,0.003686708,19.83680355,226.9194379,0.143620394
7033_2022,2022,7033,20220902,10:21,0.002282369,13.98915145,306.4359525,0.143361023
7485_2022,2022,7485,20220905,9:11,0.003798514,19.98718702,224.0129972,0.143340814
7331_2022,2022,7331,20220903,10:42,0.003215207,12.89900164,314.7056756,0.142764814
7347_2022,2022,7347,20220903,8:23,0.002425471,14.43161565,299.4798278,0.14207943
7099_2022,2022,7099,20220904,10:23,0.003720995,15.6044137,278.0182783,0.142070166
7532_2022,2022,7532,20220905,8:52,0.003799925,23.1635248,181.5235307,0.142008085
7384_2022,2022,7384,20220904,8:49,0.003849945,22.05871394,194.1708412,0.141380084
7340_2022,2022,7340,20220903,9:13,0.002148616,16.02020611,279.1674132,0.141071136
7360_2022,2022,7360,20220903,10:05,0.00295525,19.21293051,233.8913002,0.140953906
7403_2022,2022,7403,20220904,10:04,0.003709509,20.07053977,219.4285053,0.140929709
7334_2022,2022,7334,20220902,11:03,0.00201495,14.18547304,303.3108588,0.140894763
7336_2022,2022,7336,20220902,11:12,0.002385215,12.64132695,319.9958274,0.140536423
7341_2022,2022,7341,20220903,8:21,0.00237764,16.22772431,274.3723788,0.14044584
7423_2022,2022,7423,20220905,9:18,0.003533427,18.20554213,243.0662423,0.140288849
7420_2022,2022,7420,20220905,8:45,0.003808794,17.62576265,248.230703,0.139500798
7003_2022,2022,7003,20220902,8:25,0.002467457,19.52760352,229.7242664,0.139494005
7070_2022,2022,7070,20220903,10:39,0.002986373,10.8153464,340.1591886,0.139215374
7024_2022,2022,7024,20220902,10:37,0.00219116,12.17134907,325.3599021,0.138887923
7337_2022,2022,7337,20220902,11:17,0.002245801,16.98806275,261.3488692,0.13863595
7420_2022,2022,7420,20220905,8:07,0.003780884,19.49872431,222.5198355,0.138631049
7083_2022,2022,7083,20220903,11:15,0.003312225,10.1432445,345.5777366,0.138611187
7328_2022,2022,7328,20220902,11:29,0.002251313,14.66229693,290.9471457,0.137789089
7368_2022,2022,7368,20220903,10:59,0.003268752,18.70186351,232.1442833,0.137595489
7423_2022,2022,7423,20220905,8:28,0.003659611,22.51843549,178.5290306,0.135897852
7034_2022,2022,7034,20220902,10:34,0.001981874,19.0085425,232.0787435,0.135367994
7010_2022,2022,7010,20220902,8:55,0.002530053,6.460631712,396.2307973,0.135103175
7045_2022,2022,7045,20220903,9:24,0.003167673,17.31524898,246.4368006,0.134788248
7376_2022,2022,7376,20220903,10:38,0.003513254,8.321554973,365.0997971,0.134742184
7094_2022,2022,7094,20220904,8:22,0.002806279,14.40878839,287.986063,0.134322047
7089_2022,2022,7089,20220904,8:25,0.002851385,20.391393,207.152513,0.134183288
7338_2022,2022,7338,20220902,11:19,0.002129897,17.09331309,253.1296137,0.133783176
7035_2022,2022,7035,20220902,10:52,0.002183486,12.04573747,321.1692166,0.133540868
7022_2022,2022,7022,20220902,10:36,0.001925499,19.55199756,221.8630817,0.133419569
7089_2022,2022,7089,20220904,8:27,0.002840879,22.18739228,179.8187051,0.132558223
7341_2022,2022,7341,20220903,8:52,0.002079468,15.17326471,278.796512,0.132481455
7113_2022,2022,7113,20220904,11:23,0.003544558,21.55008728,183.6046378,0.131777145
7008_2022,2022,7008,20220902,8:54,0.002294171,19.42486385,217.4306429,0.131176913
7411_2022,2022,7411,20220904,10:35,0.003436639,19.48736459,209.1308903,0.130241479
7400_2022,2022,7400,20220904,9:39,0.003551847,21.53734736,180.4718302,0.130153487
7036_2022,2022,7036,20220902,10:32,0.001973984,6.615862579,393.9540027,0.12999274
7329_2022,2022,7329,20220902,11:31,0.002041659,14.8754553,277.6668694,0.129522695
7396_2022,2022,7396,20220904,9:26,0.003398276,13.46559398,290.962677,0.129435239
7025_2022,2022,7025,20220902,10:38,0.002167019,12.21445089,311.8118236,0.127530773
7396_2022,2022,7396,20220904,9:24,0.003367582,12.88355836,295.3705443,0.12666888
7075_2022,2022,7075,20220903,10:52,0.002774302,25.84013051,115.8980559,0.126637528
7343_2022,2022,7343,20220903,8:07,0.00234669,15.97624631,256.4101929,0.126056305
7337_2022,2022,7337,20220902,11:39,0.002045416,16.14209997,253.502385,0.125603213
7361_2022,2022,7361,20220903,10:02,0.002748238,17.48671886,231.4896114,0.125453875
7383_2022,2022,7383,20220904,8:53,0.003504683,18.26495973,216.5248229,0.125308105
7010_2022,2022,7010,20220902,8:34,0.002376666,1.557561921,460.4312334,0.12508132
7019_2022,2022,7019,20220902,9:35,0.002421614,12.69076907,300.0765579,0.125061766
7363_2022,2022,7363,20220903,10:07,0.002738536,20.50116005,187.6538362,0.124932939
7384_2022,2022,7384,20220904,8:43,0.002907415,16.81222361,229.9965173,0.124854566
7056_2022,2022,7056,20220903,10:24,0.002651828,6.474442639,388.4352613,0.124800367
7068_2022,2022,7068,20220903,10:40,0.003198134,11.86856324,307.099364,0.124763936
7023_2022,2022,7023,20220902,10:52,0.001821926,28.81288063,71.24162957,0.124467225
7167_2022,2022,7167,20220905,8:51,0.003364508,17.57163193,225.5533378,0.124455454
7062_2022,2022,7062,20220903,10:02,0.003130279,15.31118386,256.3891543,0.123700408
7050_2022,2022,7050,20220903,9:42,0.002748615,8.050226011,363.4422861,0.123540098
7038_2022,2022,7038,20220902,10:12,0.001713017,9.68196139,346.1468499,0.123493479
7313_2022,2022,7313,20220902,9:41,0.002318479,12.55570347,300.0921723,0.123256918
7304_2022,2022,7304,20220902,9:07,0.002116881,19.704206,198.5240072,0.123186034
7321_2022,2022,7321,20220902,11:51,0.001964508,14.65486345,270.9943111,0.122858106
7399_2022,2022,7399,20220904,9:59,0.003352164,24.30378481,125.2740016,0.122824388
7358_2022,2022,7358,20220903,10:11,0.00314151,13.77711868,276.6530676,0.122538814
7004_2022,2022,7004,20220902,9:14,0.001911215,11.49230144,316.7260841,0.122128312
7064_2022,2022,7064,20220903,10:43,0.003117155,10.78415805,319.7893872,0.122110985
7402_2022,2022,7402,20220904,10:21,0.003401106,14.57947665,263.9630154,0.122071952
7093_2022,2022,7093,20220904,8:32,0.002542145,19.32638309,198.6921166,0.121682796
7410_2022,2022,7410,20220904,10:51,0.00329313,26.63643014,88.17249534,0.121578149
7378_2022,2022,7378,20220904,7:58,0.002737473,13.80604043,276.7952262,0.12135094
7012_2022,2022,7012,20220902,8:30,0.00220807,6.822527923,383.4801409,0.121313523
7306_2022,2022,7306,20220902,9:39,0.00205573,18.97083805,204.5379657,0.120793873
7345_2022,2022,7345,20220903,8:30,0.002078105,13.65802473,282.1987182,0.12042527
7017_2022,2022,7017,20220902,8:41,0.002240925,12.33900002,299.622609,0.120269846
7409_2022,2022,7409,20220904,10:03,0.00332886,22.9000331,138.6616128,0.120084646
7387_2022,2022,7387,20220904,8:44,0.002481846,16.3937187,238.4373871,0.119838896
7271_2022,2022,7271,20220905,8:12,0.003385215,23.66871452,126.2578208,0.119797688
7389_2022,2022,7389,20220904,8:44,0.002849502,14.2300316,260.1964058,0.119735505
7102_2022,2022,7102,20220904,10:54,0.003293529,23.12403758,134.4471074,0.119648306
7358_2022,2022,7358,20220903,9:37,0.002635292,19.70172195,187.8082108,0.119569708
7084_2022,2022,7084,20220903,10:59,0.00262869,21.23748967,164.8301795,0.119384335
7012_2022,2022,7012,20220902,8:37,0.002141472,13.91772325,276.1859486,0.119279055
7389_2022,2022,7389,20220904,7:59,0.002744779,11.59977016,306.2058188,0.119159333
7356_2022,2022,7356,20220903,8:41,0.001963728,15.82046276,243.436138,0.116470441
7406_2022,2022,7406,20220904,9:51,0.003238162,19.93416377,173.9145848,0.116269165
7027_2022,2022,7027,20220902,10:34,0.001936847,5.264865392,403.6382543,0.115351189
7411_2022,2022,7411,20220904,10:06,0.003214548,18.89256104,187.3910449,0.115284365
7330_2022,2022,7330,20220902,11:40,0.001987382,15.39305006,246.3720393,0.115138367
7040_2022,2022,7040,20220903,9:13,0.002109279,13.36354331,276.1288166,0.114708005
7330_2022,2022,7330,20220902,11:42,0.001928273,15.37294223,245.5381485,0.114422761
7038_2022,2022,7038,20220902,10:13,0.001722185,8.855979863,348.9464038,0.114274961
7011_2022,2022,7011,20220902,10:07,0.0019181,12.21921206,294.2301085,0.114237681
7331_2022,2022,7331,20220902,11:13,0.001667221,20.09737464,172.5185261,0.113529896
7108_2022,2022,7108,20220904,9:57,0.003082901,20.57817807,157.3014282,0.113393664
7359_2022,2022,7359,20220903,9:44,0.002772774,8.110230227,351.8016415,0.113376
7363_2022,2022,7363,20220903,10:19,0.002955643,11.95278972,289.705478,0.112702928
7078_2022,2022,7078,20220903,11:15,0.002578326,20.30563507,162.482477,0.11268557
7051_2022,2022,7051,20220903,9:03,0.001760411,11.10562953,311.052998,0.11242772
7037_2022,2022,7037,20220902,10:24,0.001845196,7.153823767,371.9398971,0.112230704
7114_2022,2022,7114,20220904,9:47,0.003116989,23.53496713,106.7341791,0.111836088
7003_2022,2022,7003,20220902,8:47,0.00208582,13.74058836,263.9469048,0.111065563
7058_2022,2022,7058,20220903,10:31,0.002788495,13.13159241,268.634525,0.110678788
7043_2022,2022,7043,20220903,9:15,0.001945357,10.11375422,322.1626859,0.110661581
7418_2022,2022,7418,20220905,8:00,0.003164548,11.07000307,299.0927251,0.110072783
7031_2022,2022,7031,20220902,10:16,0.001698432,8.143105489,355.2983635,0.109932138
7093_2022,2022,7093,20220904,8:10,0.002498109,13.75212896,259.4270919,0.109512953
7049_2022,2022,7049,20220903,9:43,0.00276919,8.215024434,345.3621957,0.10924238
7053_2022,2022,7053,20220903,9:04,0.001950374,13.49244878,264.2140914,0.108675502
7405_2022,2022,7405,20220904,9:52,0.003130729,14.73536753,237.8433157,0.108515911
7412_2022,2022,7412,20220904,10:32,0.002988304,20.50112167,145.5416335,0.108417676
7042_2022,2022,7042,20220903,8:52,0.002038106,13.92452301,255.6635888,0.108175653
7308_2022,2022,7308,20220902,9:07,0.002151521,7.470896664,360.2817945,0.107895337
7308_2022,2022,7308,20220902,9:09,0.002082881,6.186259336,381.4380523,0.107782137
7388_2022,2022,7388,20220904,8:41,0.002347923,16.83101552,206.1813179,0.107512291
7376_2022,2022,7376,20220903,10:31,0.002442745,19.57191576,159.4494875,0.107032724
7377_2022,2022,7377,20220904,8:23,0.002493085,12.4335435,267.5676102,0.106233079
7386_2022,2022,7386,20220904,8:15,0.002404206,17.2736193,195.3380113,0.106178491
7362_2022,2022,7362,20220903,10:14,0.00273638,15.05616052,228.0100015,0.105889002
7364_2022,2022,7364,20220903,9:58,0.002343997,15.46374219,224.1497853,0.105594087
7041_2022,2022,7041,20220903,9:39,0.002391168,13.90911194,249.5563494,0.105582983
7110_2022,2022,7110,20220904,9:54,0.003020563,13.33589598,253.9330664,0.104936029
7351_2022,2022,7351,20220903,8:12,0.001959694,11.5772317,289.1262888,0.104540034
7353_2022,2022,7353,20220903,8:09,0.002071165,17.52861266,187.2713106,0.104498472
7408_2022,2022,7408,20220904,10:52,0.002916279,21.09517985,124.0996672,0.104419849
7034_2022,2022,7034,20220902,10:11,0.001760242,9.894487077,316.4352678,0.103437278
7051_2022,2022,7051,20220903,8:54,0.001831684,7.962198584,348.7460806,0.103435387
7058_2022,2022,7058,20220903,10:29,0.002331593,19.30507942,151.1235446,0.102367287
7065_2022,2022,7065,20220903,10:13,0.002692331,14.68248732,226.0871911,0.102179168
7344_2022,2022,7344,20220903,8:16,0.001902334,4.44568995,407.4107438,0.102083874
7037_2022,2022,7037,20220902,10:17,0.001710564,12.791902,262.8642745,0.10130436
7061_2022,2022,7061,20220903,10:37,0.002293958,19.71711068,140.2582417,0.101062514
7302_2022,2022,7302,20220902,8:51,0.001772588,18.36409817,166.2612792,0.10092076
7348_2022,2022,7348,20220903,8:32,0.001791188,9.971916508,310.4948635,0.100733084
7385_2022,2022,7385,20220904,8:02,0.002607979,14.44658338,219.3188961,0.100340021
7103_2022,2022,7103,20220904,11:08,0.002810586,16.9818076,180.5715834,0.099706512
7029_2022,2022,7029,20220902,10:23,0.001515376,18.70201344,156.2943756,0.099109546
7100_2022,2022,7100,20220904,11:03,0.002795863,19.34557784,137.5305874,0.09907632
7326_2022,2022,7326,20220902,11:43,0.001425176,17.02067123,185.166898,0.098625517
7413_2022,2022,7413,20220904,10:24,0.002804004,18.04735462,156.4967535,0.097888
7333_2022,2022,7333,20220902,11:23,0.001621196,10.16033757,303.5092807,0.097838842
7310_2022,2022,7310,20220902,9:36,0.001838755,9.295331155,316.8679755,0.09759501
7084_2022,2022,7084,20220903,11:11,0.002260275,17.60656108,164.263679,0.09679523
7066_2022,2022,7066,20220903,9:16,0.001494338,10.60262604,295.1453736,0.096778787
7313_2022,2022,7313,20220902,9:12,0.001835555,13.32279669,242.8863401,0.096762636
7408_2022,2022,7408,20220904,11:01,0.002744318,18.04270578,152.6590087,0.096490482
7367_2022,2022,7367,20220903,9:33,0.002211391,16.29111213,186.3005458,0.096170804
7399_2022,2022,7399,20220904,9:15,0.002766967,17.9935425,152.2541799,0.096127038
7327_2022,2022,7327,20220902,11:52,0.001367019,12.07095994,268.068851,0.096050578
7310_2022,2022,7310,20220902,9:11,0.001818131,3.038162134,428.3577606,0.096025876
7014_2022,2022,7014,20220902,8:58,0.001607706,5.406475155,386.2987597,0.095523068
7086_2022,2022,7086,20220904,8:33,0.002353369,12.235492,248.6153785,0.094866411
7214_2022,2022,7214,20220905,9:29,0.002704197,15.2325004,197.5798273,0.094457604
7374_2022,2022,7374,20220903,10:20,0.002186057,18.74732795,136.2304977,0.094362171
7392_2022,2022,7392,20220904,8:34,0.002269633,13.20592076,229.7453108,0.094313581
7319_2022,2022,7319,20220902,10:01,0.001619917,13.99202518,225.7838763,0.094292182
7370_2022,2022,7370,20220903,10:26,0.002498589,15.69245849,188.7212851,0.09427641
7532_2022,2022,7532,20220905,9:00,0.002719378,17.39400662,156.7631168,0.094057633
7516_2022,2022,7516,20220905,8:33,0.002767557,14.99217996,198.981131,0.0935771
7092_2022,2022,7092,20220904,8:31,0.00245592,14.96724567,192.4607644,0.093322998
7325_2022,2022,7325,20220902,11:28,0.001376651,11.99462682,263.2843826,0.09323333
7302_2022,2022,7302,20220902,8:50,0.001660867,16.05074176,185.115501,0.093118773
7028_2022,2022,7028,20220902,10:29,0.001705213,3.46538284,419.1015533,0.093080361
7334_2022,2022,7334,20220902,11:15,0.001589233,9.954305859,298.4363564,0.093011683
7338_2022,2022,7338,20220902,11:37,0.001645936,15.57320072,192.5545712,0.092989474
7390_2022,2022,7390,20220904,8:26,0.002431629,13.92648088,211.3627826,0.092919235
7320_2022,2022,7320,20220902,11:53,0.001608819,9.198393039,311.9206515,0.092754883
7243_2022,2022,7243,20220905,9:27,0.00264431,14.28155992,210.2067854,0.092587293
7303_2022,2022,7303,20220902,8:43,0.0017469,7.904094706,334.8276025,0.092528278
7366_2022,2022,7366,20220903,10:00,0.002120273,11.7279467,260.8247048,0.092456643
7348_2022,2022,7348,20220903,8:31,0.001856288,10.40535582,286.0088584,0.092048791
7356_2022,2022,7356,20220903,8:21,0.001654332,8.000135707,332.8543067,0.091968437
7370_2022,2022,7370,20220903,10:56,0.002358684,10.71438556,276.1542979,0.09191948
7367_2022,2022,7367,20220903,10:16,0.002402743,12.56735716,240.6566958,0.091756346
7354_2022,2022,7354,20220903,8:27,0.001760953,5.503909339,378.3801591,0.091232839
7400_2022,2022,7400,20220904,10:19,0.002590628,14.04712598,210.984794,0.091108157
7404_2022,2022,7404,20220904,10:26,0.002582079,19.24437058,112.9090819,0.091095153
7074_2022,2022,7074,20220903,10:57,0.002297349,9.554497423,295.2690342,0.090261798
7317_2022,2022,7317,20220902,10:02,0.001541568,11.25549777,267.7418386,0.089960806
7033_2022,2022,7033,20220902,10:18,0.001477167,14.41048779,206.8381133,0.089880892
7029_2022,2022,7029,20220902,10:20,0.001411682,17.42398635,150.0756751,0.089852548
7303_2022,2022,7303,20220902,9:38,0.00174971,8.36395595,321.6155585,0.089698129
7101_2022,2022,7101,20220904,11:05,0.002554541,15.63900681,175.2614083,0.089260686
7071_2022,2022,7071,20220903,10:51,0.002402939,13.46254492,216.2818422,0.089003383
7360_2022,2022,7360,20220903,10:14,0.002018297,15.91183725,170.0452151,0.088236944
7374_2022,2022,7374,20220903,10:49,0.002028916,17.23163957,138.8948837,0.086786737
7414_2022,2022,7414,20220904,10:40,0.00249808,17.45596347,130.8655959,0.086609798
7042_2022,2022,7042,20220903,9:01,0.00143386,12.20963565,241.9971809,0.086541055
7086_2022,2022,7086,20220904,8:01,0.002086622,15.35947864,174.0728663,0.086309415
7271_2022,2022,7271,20220905,7:55,0.002563144,7.622320035,322.7037086,0.085611876
7386_2022,2022,7386,20220904,8:06,0.002239326,12.93987046,211.5084493,0.085537138
7047_2022,2022,7047,20220903,9:37,0.002252693,11.98275548,236.5150945,0.085432411
7355_2022,2022,7355,20220903,8:16,0.001699582,2.984667089,422.2424047,0.085110902
7064_2022,2022,7064,20220903,10:43,0.001960532,13.9176295,199.3529937,0.08498534
7005_2022,2022,7005,20220902,9:04,0.00160367,6.364738478,353.7425331,0.084684775
7318_2022,2022,7318,20220902,10:04,0.00152965,1.602075165,451.5395197,0.084416572
7397_2022,2022,7397,20220904,9:29,0.00243252,5.286750716,368.3881823,0.084254994
7039_2022,2022,7039,20220903,8:49,0.001618929,14.51173089,184.5440409,0.083755072
7393_2022,2022,7393,20220904,8:15,0.002133449,8.339302827,302.058212,0.083176661
7322_2022,2022,7322,20220902,11:49,0.00122077,12.05842136,235.2618706,0.082430877
7065_2022,2022,7065,20220903,10:49,0.002306378,13.20853492,201.3737843,0.082174817
7307_2022,2022,7307,20220902,10:03,0.00133014,15.72070786,156.93424,0.082150731
7350_2022,2022,7350,20220903,8:49,0.001383149,10.45664181,264.6412036,0.081417775
7387_2022,2022,7387,20220904,8:07,0.002140218,8.589432856,291.6309473,0.080852673
7096_2022,2022,7096,20220904,10:44,0.002384316,15.4030265,151.0022595,0.080732822
7366_2022,2022,7366,20220903,10:11,0.00186984,9.810965354,272.118807,0.080467629
7318_2022,2022,7318,20220902,10:05,0.001383231,12.72081075,211.7746239,0.080105661
7016_2022,2022,7016,20220902,9:04,0.001378573,13.46348467,196.9970705,0.080094578
7092_2022,2022,7092,20220904,8:24,0.002203656,15.89174694,130.4900844,0.080085801
7327_2022,2022,7327,20220902,11:41,0.001220167,0.449096595,477.1196633,0.079644313
7405_2022,2022,7405,20220904,9:17,0.002232066,12.91126292,200.4296866,0.079525729
7103_2022,2022,7103,20220904,11:13,0.002334398,16.97313741,111.770352,0.079216207
7365_2022,2022,7365,20220903,10:25,0.001865707,14.11323998,173.9126529,0.078641899
7071_2022,2022,7071,20220903,10:45,0.001864369,14.10372793,171.1972606,0.077786376
7067_2022,2022,7067,20220903,10:47,0.001782032,15.71612073,132.7217339,0.076914275
7309_2022,2022,7309,20220902,9:32,0.001509781,9.938178132,261.700331,0.076843089
7407_2022,2022,7407,20220904,10:10,0.002239893,19.88585289,36.26688788,0.076648873
7125_2022,2022,7125,20220905,8:03,0.002328625,9.014108236,275.0037523,0.07644885
7013_2022,2022,7013,20220902,9:25,0.00151409,7.921050583,302.498167,0.075053885
7050_2022,2022,7050,20220903,9:17,0.001365353,10.01842752,256.0531364,0.075050096
7390_2022,2022,7390,20220904,8:19,0.002122034,13.38352381,166.3731391,0.074838891
7365_2022,2022,7365,20220903,10:24,0.002067325,13.95945126,159.1006721,0.074586759
7382_2022,2022,7382,20220904,8:56,0.002292781,16.65261723,97.65666456,0.07456319
7357_2022,2022,7357,20220903,8:19,0.001550475,8.277491287,291.0571983,0.073851448
7105_2022,2022,7105,20220904,10:09,0.002196351,14.75724889,135.5368126,0.073294025
7342_2022,2022,7342,20220903,9:00,0.001298098,0.553929667,472.0480815,0.073290113
7018_2022,2022,7018,20220902,9:55,0.001338737,5.779071427,348.7495825,0.072741606
7517_2022,2022,7517,20220905,9:09,0.002149138,2.904578142,407.2273529,0.072219506
7393_2022,2022,7393,20220904,8:28,0.002009293,10.03341168,236.3574564,0.072154476
7109_2022,2022,7109,20220904,9:09,0.002216651,11.27184391,210.825517,0.07197583
7401_2022,2022,7401,20220904,9:15,0.002297007,13.6553729,149.4094229,0.071074125
7372_2022,2022,7372,20220903,10:29,0.001921105,10.54790072,226.0762857,0.071045412
7027_2022,2022,7027,20220902,10:45,0.001094224,5.907819297,344.3354743,0.070788108
7044_2022,2022,7044,20220903,9:16,0.00139154,11.01102482,218.3658897,0.070693093
7315_2022,2022,7315,20220902,9:57,0.001300365,5.139456016,360.0876686,0.070403739
7021_2022,2022,7021,20220902,10:50,0.001144331,19.60806814,11.7450325,0.070247402
7015_2022,2022,7015,20220902,8:41,0.001247151,2.82730989,415.9883073,0.069799416
7016_2022,2022,7016,20220902,9:24,0.001245653,11.54742838,203.6578237,0.069659451
7328_2022,2022,7328,20220902,11:27,0.001253738,12.22247668,184.7759653,0.069313313
7258_2022,2022,7258,20220905,7:47,0.002153908,13.11106178,156.7720419,0.069297149
7391_2022,2022,7391,20220904,8:21,0.001811657,13.07877728,148.1047343,0.068222725
7322_2022,2022,7322,20220902,11:44,0.001226067,8.356605125,270.7374913,0.066312854
7398_2022,2022,7398,20220904,9:17,0.002124962,11.28284004,185.3510436,0.065676773
7392_2022,2022,7392,20220904,8:27,0.001809183,14.57424919,95.35411527,0.065367142
7125_2022,2022,7125,20220905,8:19,0.001996639,13.23026753,132.4725376,0.064649932
7020_2022,2022,7020,20220902,10:44,0.001060554,18.43278346,4.279346165,0.064643045
7305_2022,2022,7305,20220902,8:50,0.001221902,5.85985655,327.1614385,0.063177583
7076_2022,2022,7076,20220903,10:53,0.001535107,12.64408186,140.1392999,0.062408717
7098_2022,2022,7098,20220904,11:06,0.001875267,10.23215656,198.6436807,0.061703313
7355_2022,2022,7355,20220903,8:14,0.001377086,2.151577685,422.4545697,0.061590649
7075_2022,2022,7075,20220903,11:04,0.001719665,7.016035824,278.6649982,0.059337438
7026_2022,2022,7026,20220902,10:44,0.001092951,6.10821521,307.1179632,0.057937982
7391_2022,2022,7391,20220904,8:18,0.001724691,12.03421756,122.3221457,0.05767296
7403_2022,2022,7403,20220904,10:12,0.001711323,12.7447447,106.837061,0.057399113
7039_2022,2022,7039,20220903,9:29,0.001594871,7.850979715,248.1154067,0.057176597
7090_2022,2022,7090,20220904,8:56,0.001954195,7.853503146,233.038107,0.055462023
7316_2022,2022,7316,20220902,9:49,0.001082317,9.680641499,185.0192878,0.054233185
7307_2022,2022,7307,20220902,10:00,0.000864562,8.252959677,228.8982618,0.053539585
7398_2022,2022,7398,20220904,10:00,0.001589286,12.06774697,98.38919399,0.052870082
7032_2022,2022,7032,20220902,10:10,0.00089207,10.31149148,156.1725514,0.052155809
7319_2022,2022,7319,20220902,9:53,0.001009783,7.223551864,248.1191502,0.051113565
7304_2022,2022,7304,20220902,9:47,0.000923413,8.55019143,205.186249,0.0508687
7070_2022,2022,7070,20220903,10:34,0.001259447,6.712745085,254.9419588,0.049440327
7377_2022,2022,7377,20220904,8:53,0.001830252,11.14762,93.79830837,0.04931705
7517_2022,2022,7517,20220905,8:55,0.001494881,5.683591791,284.5717069,0.049096626
7344_2022,2022,7344,20220903,8:33,0.000960246,3.123122713,377.9691551,0.048978917
7350_2022,2022,7350,20220903,8:43,0.001000489,8.037982116,208.1786376,0.048582974
7394_2022,2022,7394,20220904,8:17,0.001420157,9.903846902,126.3269607,0.047326797
7372_2022,2022,7372,20220903,10:34,0.001354251,7.317885306,214.7138556,0.046066747
7394_2022,2022,7394,20220904,8:12,0.001613591,10.61398068,89.16511192,0.046039802
7078_2022,2022,7078,20220903,11:28,0.00133928,3.383854089,352.8825967,0.04524495
7348_2022,2022,7348,20220903,8:29,0.000988679,7.018751652,223.9202489,0.044954395
7320_2022,2022,7320,20220902,11:46,0.000869485,6.691289123,234.6550612,0.044425632
7101_2022,2022,7101,20220904,10:58,0.001364558,10.14263038,94.57543099,0.043628828
7018_2022,2022,7018,20220902,9:27,0.000788511,7.364853038,202.5354246,0.043047749
7026_2022,2022,7026,20220902,10:25,0.000739092,0.514035596,465.4003893,0.042105643
7014_2022,2022,7014,20220902,9:20,0.000770596,5.467576653,266.3838709,0.041254923
7331_2022,2022,7331,20220902,11:15,0.000618069,10.85982898,22.18730787,0.038462828
7083_2022,2022,7083,20220903,11:19,0.001145308,4.548490772,275.1165354,0.0370298
7388_2022,2022,7388,20220904,8:04,0.00107393,6.019826385,183.6603181,0.033878595
7090_2022,2022,7090,20220904,7:59,0.000697583,0.449168248,450.5708978,0.025987932
7009_2022,2022,7009,20220902,8:38,0.000461971,1.510901396,384.1683398,0.024358612
7015_2022,2022,7015,20220902,8:43,0.000289768,2.889529614,187.9773264,0.015586835
7317_2022,2022,7317,20220902,9:59,0.00024863,0.933309447,362.7134158,0.012238861
7309_2022,2022,7309,,,,,,
7342_2022,2022,7342,,,,,,
7028_2022,2022,7028,,,,,,
7045_2022,2022,7045,,,,,,
7311_2022,2022,7311,,,,,,
7072_2022,2022,7072,,,,,,
7044_2022,2022,7044,,,,,,
7352_2022,2022,7352,,,,,,
7107_2022,2022,7107,,,,,,
7401_2022,2022,7401,,,,,,
7339_2022,2022,7339,,,,,,
7305_2022,2022,7305,,,,,,
7114_2022,2022,7114,,,,,,
7066_2022,2022,7066,,,,,,
7036_2022,2022,7036,,,,,,
7373_2022,2022,7373,,,,,,
7410_2022,2022,7410,,,,,,
7108_2022,2022,7108,,,,,,
7060_2022,2022,7060,,,,,,
7109_2022,2022,7109,,,,,,
7413_2022,2022,7413,,,,,,
7013_2022,2022,7013,,,,,,
7538_2023,2023,7538,20230901,,0.005206672,12.32126573,382.648121,0.314544295
7022_2023,2023,7022,20230830,,0.005225091,8.821896021,350.4384266,0.288346
7549_2023,2023,7549,20230902,,0.005090865,25.68900283,415.2374069,0.280697671
7022_2023,2023,7022,20230830,,0.004770407,7.684672072,301.2351461,0.255743731
7314_2023,2023,7314,20230902,,0.003198684,23.16819366,310.220204,0.252083705
7337_2023,2023,7337,20230830,7:26,0.003929063,24.07052817,296.4309144,0.24647126
7559_2023,2023,7559,20230902,,0.00369832,30.24925845,398.1578646,0.243572363
7495_2023,2023,7495,20230901,7:12,0.004110847,29.54164853,246.6468402,0.23521261
7557_2023,2023,7557,20230902,,0.003538703,21.69709418,298.2152773,0.223664725
7403_2023,2023,7403,20230830,9:05,0.003593679,31.37878414,218.9954469,0.223601189
7302_2023,2023,7302,20230830,7:41,0.003621616,19.74101394,315.1418015,0.220676299
7314_2023,2023,7314,20230902,,0.003798684,25.06819366,411.997204,0.219083705
7367_2023,2023,7367,20230901,,0.003955283,30.76922735,241.8073887,0.218434327
7367_2023,2023,7367,20230901,,0.003964413,31.9076915,231.9873062,0.217198883
7305_2023,2023,7305,20230830,7:24,0.003623779,24.01640633,273.7933021,0.212913501
7251_2023,2023,7251,20230902,,0.003401378,15.92963282,401.0405126,0.211850429
7555_2023,2023,7555,20230902,,0.004247098,26.90482602,255.1416454,0.211275899
7463_2023,2023,7463,20230901,7:02,0.003846413,32.3248627,197.5706224,0.209645062
7375_2023,2023,7375,20230830,7:53,0.003419528,33.7147292,170.0449678,0.199562235
7361_2023,2023,7361,20230830,7:56,0.003372611,29.94688434,203.9029526,0.198473077
7366_2023,2023,7366,20230830,8:07,0.003171295,27.10825903,229.4638635,0.197177899
7260_2023,2023,7260,20230902,,0.003098156,18.03033199,418.683917,0.193185135
7102_2023,2023,7102,20200830,,0.003709396,13.02496224,368.7272414,0.193108388
7184_2023,2023,7184,20230901,7:13,0.003427636,27.24480295,221.2458403,0.189789267
7405_2023,2023,7405,20200830,,0.003540379,28.45504065,229.4057405,0.189281174
7192_2023,2023,7192,20230901,7:08,0.003524137,24.01703356,250.4696187,0.188043668
7491_2023,2023,7491,20230901,,0.003616023,25.63521731,251.4432444,0.187566999
7025_2023,2023,7025,20230830,7:59,0.003085986,18.36796709,303.8027758,0.186810553
7118_2023,2023,7118,20200830,,0.0035396,32.76308699,185.6833716,0.185651613
7552_2023,2023,7552,20230902,,0.003975357,22.20193551,264.3856555,0.183364279
7405_2023,2023,7405,20230830,9:04,0.003102419,25.78940413,223.5616576,0.181286573
7381_2023,2023,7381,20200830,,0.00322153,28.18909453,222.1488916,0.181060235
7151_2023,2023,7151,20230831,6:56,0.003288449,5.603453898,427.3510028,0.179187429
7441_2023,2023,7441,20230902,,0.004377288,19.37800195,213.8593788,0.178582113
7329_2023,2023,7329,20230830,7:32,0.003000201,25.13255108,226.2479377,0.177878995
7463_2023,2023,7463,20230901,7:04,0.003323132,29.29742699,185.2361755,0.177836823
7324_2023,2023,7324,20200830,,0.003337337,24.70550008,250.0630269,0.17776994
7256_2023,2023,7256,20230902,,0.002070145,7.405694603,340.0107051,0.174199092
7412_2023,2023,7412,20230830,8:56,0.002957015,28.90135023,181.2111338,0.173559545
7343_2023,2023,7343,20230830,7:57,0.002836366,29.4975605,175.2050351,0.173463247
7464_2023,2023,7464,20230901,7:30,0.003088461,24.47254359,227.3663117,0.171947853
7545_2023,2023,7545,20230902,,0.003589418,27.58596832,198.9053816,0.171194656
7256_2023,2023,7256,20230902,,0.003024408,13.61279199,300.0498232,0.170804303
7184_2023,2023,7184,20230901,,0.003285671,33.80890494,148.2109352,0.170094299
7176_2023,2023,7176,20230901,,0.003240147,24.39896868,241.6562932,0.169732621
7543_2023,2023,7543,20230902,,0.003230575,16.82418186,310.6021067,0.169473228
7541_2023,2023,7541,20230902,,0.003078152,13.34653692,344.4062208,0.169410232
7467_2023,2023,7467,20230901,7:31,0.002840174,10.07597118,377.0537983,0.167850138
7525_2023,2023,7525,20230901,,0.003306582,19.95755299,282.9696114,0.167776317
7120_2023,2023,7120,20230830,9:02,0.002881499,25.16941509,210.7872568,0.166807632
7161_2023,2023,7161,20230901,7:45,0.002957689,24.92638687,215.6159651,0.166769236
7376_2023,2023,7376,20230830,8:41,0.002869772,26.28974773,198.518962,0.16664615
7334_2023,2023,7334,20230830,7:30,0.0029708,33.89142702,115.099362,0.166387979
7311_2023,2023,7311,20200830,,0.00304267,16.07557045,321.7625695,0.165932775
7396_2023,2023,7396,20200830,,0.003025158,12.72264876,355.9771537,0.165733899
7324_2023,2023,7324,20200830,,0.00314101,24.41609375,236.8186237,0.165537962
7355_2023,2023,7355,20230830,8:42,0.002854346,26.90159962,188.0616356,0.164333599
7139_2023,2023,7139,20230831,7:37,0.002844767,19.9180735,262.166145,0.161360483
7137_2023,2023,7137,20230831,7:13,0.003051197,17.71511758,284.8140554,0.160729412
7126_2023,2023,7126,20230831,7:05,0.003227636,29.74794363,148.8569042,0.160521465
7551_2023,2023,7551,20230902,,0.004221535,23.70000855,214.7836151,0.16030401
7176_2023,2023,7176,20230901,7:31,0.002835359,21.89773008,239.0807474,0.159621622
7153_2023,2023,7153,20230831,7:25,0.002820936,29.20282823,153.8152588,0.159302669
7366_2023,2023,7366,20200830,,0.00310187,32.14795681,145.2377448,0.158392607
7302_2023,2023,7302,20200830,,0.003120293,27.93504407,187.8172959,0.157892203
7257_2023,2023,7257,20230902,,0.002724408,14.61279199,295.0498232,0.157804303
7549_2023,2023,7549,20230902,,0.002506503,24.44738449,408.757001,0.157469738
7442_2023,2023,7442,20230831,7:12,0.002899302,28.61795549,156.8084048,0.157468752
7318_2023,2023,7318,20230830,7:33,0.002772892,25.86744457,187.0349598,0.156524242
7547_2023,2023,7547,20230902,,0.002604422,16.97502652,300.4025616,0.156503098
7525_2023,2023,7525,20230901,8:15,0.00274945,25.50370453,193.5521665,0.156190595
7249_2023,2023,7249,20230902,,0.002159074,13.98488233,295.7284458,0.155388637
7133_2023,2023,7133,20230831,7:33,0.002774744,21.83154885,230.9217032,0.154697661
7225_2023,2023,7225,20230902,,0.004122333,17.88728101,231.8933746,0.154590696
7018_2023,2023,7018,20200830,,0.002944095,18.04979201,288.9821058,0.154502821
7421_2023,2023,7421,20230831,7:15,0.00292431,26.31317299,173.9234941,0.152415929
7338_2023,2023,7338,20200830,,0.002823108,14.17571587,328.3449022,0.151387136
7301_2023,2023,7301,20200830,,0.002788948,30.95078045,140.4048279,0.149784759
7318_2023,2023,7318,20230830,7:33,0.002663598,25.7229143,176.8562431,0.149676914
7139_2023,2023,7139,20230831,7:14,0.002837155,24.39670785,188.7261159,0.147613097
7257_2023,2023,7257,20230902,,0.002561243,20.29197396,203.1924049,0.146737165
7086_2023,2023,7086,20230830,9:12,0.002597605,19.91109292,242.0553503,0.146695485
7311_2023,2023,7311,20200830,,0.002849407,29.69657931,145.8496283,0.146399512
7138_2023,2023,7138,20230831,7:26,0.002601799,22.06625698,212.7099074,0.144273483
7253_2023,2023,7253,20230902,,0.003782215,22.26419079,160.6038926,0.143534663
7531_2023,2023,7531,20230901,8:33,0.002483431,26.19085141,162.1099048,0.143402932
7061_2023,2023,7061,20230830,8:34,0.002566425,17.98833658,259.4886313,0.142449649
7376_2023,2023,7376,20230830,8:08,0.002534937,19.16585991,244.3924492,0.14196551
7119_2023,2023,7119,20230830,8:52,0.002456314,24.82974458,173.4598534,0.141929107
7430_2023,2023,7430,20230831,6:53,0.003192783,25.13814266,162.8520371,0.140173747
7396_2023,2023,7396,20200830,,0.002832434,25.54071979,179.7780457,0.139686414
7545_2023,2023,7545,20230902,,0.002669762,16.42166087,330.8053707,0.139397801
7133_2023,2023,7133,20230831,7:24,0.002609487,17.18827397,264.6441018,0.138696615
7551_2023,2023,7551,20230902,,0.002491122,16.82840075,258.1330766,0.138530863
7074_2023,2023,7074,20230830,8:32,0.002544006,24.80830085,165.4496365,0.1379762
7213_2023,2023,7213,20230901,,0.002720471,18.92385371,254.5947541,0.137402442
7083_2023,2023,7083,20230830,8:58,0.002474399,22.5424887,192.8092237,0.13708209
7380_2023,2023,7380,20200830,,0.002767822,29.11502278,132.0308697,0.137058187
7506_2023,2023,7506,20230901,,0.002755578,5.031339444,421.8529743,0.136471571
7161_2023,2023,7161,20230901,7:03,0.002750393,18.80671911,240.6221906,0.136225789
7328_2023,2023,7328,20230830,7:02,0.002675424,19.29768904,232.6461941,0.136096365
7118_2023,2023,7118,20230830,8:55,0.002450885,25.06435118,157.7863362,0.135852663
7026_2023,2023,7026,20200830,,0.002709277,24.77760379,181.0860393,0.13584976
7087_2023,2023,7087,20230830,9:06,0.002489279,24.87860574,160.0077612,0.13563595
7380_2023,2023,7380,20230830,8:21,0.002473891,26.79255852,134.5787011,0.135537335
7388_2023,2023,7388,20230901,,0.002646884,24.20340993,185.5590933,0.135042575
7446_2023,2023,7446,20230831,7:03,0.002849926,30.80061686,79.40503402,0.134874622
7106_2023,2023,7106,20230830,8:50,0.00246148,15.94030397,274.8264625,0.134809837
7230_2023,2023,7230,20230901,8:52,0.002272269,20.52628346,217.7252125,0.134731163
7087_2023,2023,7087,20230830,8:51,0.00245012,25.25871035,152.666717,0.134600172
7120_2023,2023,7120,20230830,8:53,0.002480129,20.90848698,209.3607974,0.134552247
7063_2023,2023,7063,20200830,,0.002552501,16.1533581,284.6979632,0.134313251
7483_2023,2023,7483,20230830,8:51,0.00244863,25.25365118,152.1740836,0.13430989
7259_2023,2023,7259,20230902,,0.00345636,13.55144322,211.702493,0.133695846
7412_2023,2023,7412,20200830,,0.000757682,26.46865023,186.6119338,0.133559545
7177_2023,2023,7177,20230901,7:28,0.002550457,25.30977419,151.315073,0.133299564
7212_2023,2023,7212,20230901,7:57,0.002393051,15.32508056,282.9018141,0.133285067
7385_2023,2023,7385,20200830,,0.002649738,29.28421952,119.2066038,0.133175472
7337_2023,2023,7337,20200830,,0.002653776,21.43592888,216.6140047,0.132795575
7038_2023,2023,7038,20200830,,0.002583677,16.37417478,278.6048831,0.132429121
7400_2023,2023,7400,20230830,9:19,0.002469238,24.33503284,159.3549974,0.132256598
7042_2023,2023,7042,20230830,8:33,0.002382224,25.03053095,150.3713159,0.132181634
7343_2023,2023,7343,20200830,,0.002538902,22.48225202,202.2756666,0.132052613
7026_2023,2023,7026,20200830,,0.002618267,14.28693637,301.7840601,0.130389408
7005_2023,2023,7005,20230830,7:08,0.002572545,11.36092801,329.0255939,0.130126521
7542_2023,2023,7542,20230902,,0.002328152,14.45876992,346.4202208,0.129410232
7305_2023,2023,7305,20230830,7:38,0.002410376,9.72998472,351.2993151,0.12933766
7531_2023,2023,7531,20230901,,0.002636888,19.64542215,231.3790978,0.129293879
7085_2023,2023,7085,20200830,,0.002647913,23.28958249,185.0212103,0.129135647
7126_2023,2023,7126,20230831,6:42,0.00284382,25.97587109,128.2818645,0.129113956
7559_2023,2023,7559,20230902,,0.002017601,12.26897063,337.5466269,0.12888422
7125_2023,2023,7125,20230831,7:38,0.00238888,24.62877745,146.0168053,0.12815784
7329_2023,2023,7329,20230830,7:35,0.00243121,22.73749371,171.7286243,0.128055583
7459_2023,2023,7459,20230831,7:27,0.002248442,24.42534326,148.9930598,0.127817879
7010_2023,2023,7010,20200830,,0.002540558,9.834610664,355.7543897,0.127468181
7560_2023,2023,7560,20230902,,0.002179768,17.19981962,246.6370329,0.126620958
7556_2023,2023,7556,20230902,,0.002259421,19.19798037,166.215408,0.125405992
7327_2023,2023,7327,20200830,,0.002545508,24.08114687,163.2076591,0.124326146
7121_2023,2023,7121,20230831,7:31,0.002326247,15.07176385,270.9969519,0.124145543
7515_2023,2023,7515,20230901,8:42,0.002252148,24.67659051,138.0007093,0.123904153
7471_2023,2023,7471,20230901,7:11,0.002436807,22.20434281,170.5972281,0.123330045
7124_2023,2023,7124,20230831,7:32,0.002299086,22.75029454,160.9757579,0.123272592
7400_2023,2023,7400,20230830,9:01,0.002220604,21.70792373,175.4198206,0.12305978
7455_2023,2023,7455,20230831,7:17,0.002424982,25.45915121,121.4314713,0.122847263
7491_2023,2023,7491,20230901,7:35,0.002295037,21.45514691,179.9204424,0.122529482
7353_2023,2023,7353,20230830,8:18,0.002175411,24.22230364,137.2690294,0.122006646
7345_2023,2023,7345,20230830,8:31,0.002291079,25.83169717,112.911754,0.121735573
7063_2023,2023,7063,20200830,,0.002485664,27.99441004,103.1449198,0.12139966
7523_2023,2023,7523,20230901,,0.002463085,21.0956522,194.5817186,0.12093415
7052_2023,2023,7052,20230830,8:40,0.002286514,19.26536568,204.9595733,0.120778516
7125_2023,2023,7125,20230831,7:08,0.002501451,26.42413285,100.3322435,0.120546128
7552_2023,2023,7552,20230902,,0.003471535,24.81224155,216.7976151,0.12030401
7409_2023,2023,7409,20200830,,0.002271708,23.39365556,163.0339263,0.120015114
7381_2023,2023,7381,20200830,,0.002371728,25.9077472,127.5452481,0.119907013
7352_2023,2023,7352,20200830,,0.002456342,25.0912997,138.1937291,0.119841643
7258_2023,2023,7258,20230902,,0.00195573,17.97083805,211.5379657,0.119793873
7127_2023,2023,7127,20230831,7:36,0.002228337,25.28003832,115.4817734,0.1196777
7557_2023,2023,7557,20230902,,0.002123148,25.52495996,213.3784922,0.119470016
7083_2023,2023,7083,20200830,,0.002387109,19.41694269,215.8263588,0.119466377
7260_2023,2023,7260,20230902,,0.003735627,20.18598695,179.0539828,0.119124681
7038_2023,2023,7038,20230830,7:30,0.002276953,13.99923455,278.4499021,0.119068449
7207_2023,2023,7207,20230901,,0.002464806,23.39662445,157.3022687,0.118722538
7403_2023,2023,7403,20230830,9:02,0.002202341,19.18437022,201.0446744,0.11821323
7242_2023,2023,7242,20230902,,0.001479192,12.37279818,331.7957302,0.118035549
7085_2023,2023,7085,20200830,,0.002414798,19.36953731,212.146252,0.117620895
7441_2023,2023,7441,20230902,,0.002065442,13.28821461,227.5164844,0.117459895
7371_2023,2023,7371,20230830,8:11,0.002156544,22.97740889,141.8640217,0.116965803
7434_2023,2023,7434,20230831,6:46,0.002957775,25.39745471,101.6170566,0.116789314
7481_2023,2023,7481,20230901,7:52,0.002169435,20.14901504,185.720884,0.116761051
7522_2023,2023,7522,20230901,,0.002441473,20.33945924,192.1894727,0.11558432
7090_2023,2023,7090,20230901,,0.002261502,21.34997631,178.8358587,0.115546834
7023_2023,2023,7023,20230830,7:40,0.00218781,8.439577153,356.0045456,0.115167732
7327_2023,2023,7327,20230830,7:09,0.002210971,17.26826217,222.4634254,0.115032819
7429_2023,2023,7429,20230831,6:59,0.002482031,17.58970008,216.7457962,0.115023418
7094_2023,2023,7094,20200830,,0.002203263,14.0007732,282.9780995,0.11494567
7235_2023,2023,7235,20230901,,0.002204064,17.23041212,237.8367815,0.114864948
7542_2023,2023,7542,20230902,,0.003516407,19.94142778,280.6047746,0.114541268
7527_2023,2023,7527,20230901,8:40,0.00211404,24.40317737,115.4033301,0.114241288
7459_2023,2023,7459,20230831,6:52,0.002620142,28.41520271,49.29443102,0.114029234
7146_2023,2023,7146,20230902,,0.002324624,15.48510253,261.9534109,0.1131783
7037_2023,2023,7037,20230902,,0.002787634,21.88990626,185.3903509,0.11275793
7074_2023,2023,7074,20200830,,0.002359428,18.4334546,214.2129495,0.112706173
7429_2023,2023,7429,20230831,6:57,0.002520824,20.97818858,159.1864211,0.112419147
7236_2023,2023,7236,20230902,,0.002671584,14.38405006,255.4920259,0.112383751
7106_2023,2023,7106,20200830,,0.002266344,20.67901688,178.0011735,0.111403307
7371_2023,2023,7371,20230830,8:15,0.002035566,20.58251352,164.0538196,0.111399986
7208_2023,2023,7208,20230901,7:59,0.002001793,12.39545896,292.2868113,0.111073827
7379_2023,2023,7379,20230830,8:22,0.002127878,22.08291294,138.5532163,0.110891876
7383_2023,2023,7383,20230830,9:09,0.00208954,19.60334143,177.1479394,0.110642691
7242_2023,2023,7242,20230902,,0.001385215,11.58672,310.7158274,0.110536423
7208_2023,2023,7208,20230901,8:00,0.002068868,19.96553137,172.3851691,0.11026033
7210_2023,2023,7210,20230901,8:23,0.002072011,0.073572362,482.7012995,0.110100998
7010_2023,2023,7010,20230830,7:00,0.002320169,8.848563653,342.4632956,0.109738784
7153_2023,2023,7153,20230831,6:51,0.002633125,28.11875931,36.97172989,0.109443581
7067_2023,2023,7067,20230901,,0.002180558,24.0301271,121.5927529,0.10941511
7572_2023,2023,7572,20230902,,0.002356984,12.03432677,299.7477113,0.109295097
7081_2023,2023,7081,20230830,9:00,0.002083936,21.52862984,142.5269028,0.109185084
7541_2023,2023,7541,20230902,,0.002973665,15.61077326,169.1526669,0.10902063
7338_2023,2023,7338,20230830,7:58,0.002053726,20.29280223,160.775868,0.108668669
7179_2023,2023,7179,20230902,,0.002416238,14.41100412,215.3153623,0.108379527
7137_2023,2023,7137,20230831,7:14,0.002228231,17.50098081,203.1875025,0.108201606
7301_2023,2023,7301,20200830,,0.002227057,30.30709774,22.10625536,0.107755386
7121_2023,2023,7121,20230831,7:30,0.002005073,16.3155056,222.4411711,0.10766915
7503_2023,2023,7503,20230901,8:32,0.002014204,19.57565032,171.1264652,0.10738974
7439_2023,2023,7439,20230831,7:09,0.00228279,21.97120486,129.1680198,0.107378733
7555_2023,2023,7555,20230902,,0.002035983,16.06707933,238.8303849,0.107358354
7025_2023,2023,7025,20200830,,0.002154348,12.14673869,297.2517222,0.107087837
7033_2023,2023,7033,20230830,6:58,0.00228503,12.63027934,278.5549304,0.106984278
7104_2023,2023,7104,20230902,,0.002110219,15.124357,222.8939101,0.106870094
7236_2023,2023,7236,20230902,,0.00259524,16.90491881,184.1542864,0.106662211
7538_2023,2023,7538,20230901,8:14,0.001970134,13.17356601,270.9505408,0.106027767
7042_2023,2023,7042,20230830,8:35,0.001898941,17.5520029,197.1092471,0.105412324
7102_2023,2023,7102,20200830,,0.002136353,15.29037132,245.2279915,0.105394707
7529_2023,2023,7529,20230901,,0.002246433,22.01318385,138.2706413,0.10498236
7383_2023,2023,7383,20230830,8:49,0.00197806,18.22774268,184.0025084,0.104901118
7075_2023,2023,7075,20200830,,0.002157264,16.87776713,218.7313661,0.104840979
7501_2023,2023,7501,20230901,8:41,0.001957209,19.14756245,170.7756763,0.104782365
7097_2023,2023,7097,20230830,9:15,0.002007709,20.37811264,148.207188,0.104707415
7439_2023,2023,7439,20230901,,0.00221896,19.09968058,182.5297404,0.104598795
7059_2023,2023,7059,20200830,,0.00219567,20.87598456,155.7657771,0.104470638
7265_2023,2023,7265,20230902,,0.00242291,11.76404574,287.5505737,0.104327851
7162_2023,2023,7162,20230901,,0.002205264,25.04007394,87.05066467,0.103822139
7248_2023,2023,7248,20230902,,0.001931005,10.95632,330.1259163,0.103386328
7104_2023,2023,7104,20230902,,0.002078576,8.789996052,337.3394286,0.103249594
7520_2023,2023,7520,20230901,8:33,0.001936642,23.46453152,94.45243263,0.103082952
7217_2023,2023,7217,20230901,8:31,0.001861652,16.29107425,213.4531582,0.10288011
7529_2023,2023,7529,20230901,8:21,0.001887301,19.16419168,165.3437773,0.102727763
7426_2023,2023,7426,20230831,6:54,0.002346919,25.11120222,60.14967413,0.102407761
7178_2023,2023,7178,20230901,,0.001988461,13.4584611,267.9947736,0.10231473
7553_2023,2023,7553,20230902,,0.00230235,16.68377164,190.5694637,0.102295157
7328_2023,2023,7328,20200830,,0.00211888,9.437836519,331.5480024,0.101979952
7373_2023,2023,7373,20230901,,0.002171781,24.11155535,93.91224276,0.101850624
7501_2023,2023,7501,20230901,,0.002058668,15.64697171,229.7169112,0.101075819
7222_2023,2023,7222,20230901,8:47,0.001885285,18.13780968,177.3784584,0.100933597
7198_2023,2023,7198,20230901,,0.002114364,18.0064144,189.8009369,0.10081556
7430_2023,2023,7430,20230831,6:55,0.002307728,21.25918988,118.8135025,0.100591753
7534_2023,2023,7534,20230901,8:18,0.001864994,18.34896237,169.7974519,0.099574653
7207_2023,2023,7207,20230901,8:01,0.001903095,2.844644799,434.7284482,0.099446758
7467_2023,2023,7467,20230901,7:05,0.001976591,4.442821972,407.0798648,0.099094421
7150_2023,2023,7150,20230831,7:23,0.001952713,10.85131216,295.3714888,0.099084259
7375_2023,2023,7375,20200830,,0.00207501,23.64288497,91.92762905,0.098793858
7553_2023,2023,7553,20230902,,0.002904197,18.2325004,191.5798273,0.098457604
7211_2023,2023,7211,20230901,8:16,0.001831252,17.3195166,181.8897878,0.09766526
7062_2023,2023,7062,20200830,,0.002012359,11.32478291,292.5277239,0.09706272
7390_2023,2023,7390,20230902,,0.001886346,22.67906947,81.2822306,0.09660694
7043_2023,2023,7043,20230830,8:37,0.001847727,16.8310731,185.3250358,0.09654943
7462_2023,2023,7462,20230901,7:07,0.002006648,15.88773057,202.7783342,0.096515069
7484_2023,2023,7484,20230901,7:51,0.001842919,20.62324193,119.1416237,0.096187402
7093_2023,2023,7093,20230830,9:18,0.001842382,17.19771226,172.7912016,0.09461176
7213_2023,2023,7213,20230901,,0.001857581,5.32562817,391.3720816,0.094220119
7127_2023,2023,7127,20230831,7:35,0.001801616,18.33013851,151.9981086,0.093913026
7404_2023,2023,7404,20230830,9:07,0.001826439,13.07047797,245.5270474,0.093847259
7228_2023,2023,7228,20230901,,0.001952213,18.6993217,157.2679335,0.093792753
7037_2023,2023,7037,20230902,,0.002762,19.29373338,181.972693,0.093110589
7020_2023,2023,7020,20230830,7:25,0.001742806,10.18702371,297.201235,0.09303507
7385_2023,2023,7385,20200830,,0.001988813,19.99553108,131.1194091,0.092705587
7355_2023,2023,7355,20230830,8:14,0.001813917,18.96746831,134.066654,0.092642721
7342_2023,2023,7342,20200830,,0.00193864,17.77753062,167.9290522,0.092325701
7427_2023,2023,7427,20230831,7:07,0.001944014,16.18464503,183.913419,0.092263583
7427_2023,2023,7427,20230831,7:06,0.00194896,14.74522066,209.2054236,0.091864282
7446_2023,2023,7446,20230831,7:20,0.001841205,20.9992498,90.76053264,0.091173805
7124_2023,2023,7124,20230831,7:34,0.00177607,15.79978846,187.8712549,0.090970239
7119_2023,2023,7119,20200830,,0.001847877,16.691648,184.3286803,0.090904423
7431_2023,2023,7431,20230831,7:04,0.001977197,14.75558874,204.1294745,0.090382152
7560_2023,2023,7560,20230902,,0.002652708,11.62218862,183.9936916,0.090138095
7066_2023,2023,7066,20230830,8:10,0.001748033,18.26210218,138.8536144,0.090121922
7494_2023,2023,7494,20230901,7:47,0.001767169,12.67717383,243.6528057,0.089460173
7218_2023,2023,7218,20230901,,0.001894836,19.5415418,126.7222542,0.089448476
7334_2023,2023,7334,20230830,7:37,0.001797782,17.66370209,146.0556649,0.089103651
7225_2023,2023,7225,20230902,,0.001267601,13.38120363,339.5606269,0.08888422
7179_2023,2023,7179,20230902,,0.0016458,20.6543421,123.60241,0.088684637
7163_2023,2023,7163,20230901,7:25,0.001820052,16.31583223,171.7006209,0.088658687
7218_2023,2023,7218,20230901,,0.001862167,20.62144577,100.9711707,0.088127704
7345_2023,2023,7345,20200830,,0.001680054,19.51619389,122.9086384,0.088010179
7146_2023,2023,7146,20230902,,0.001853327,13.96491341,216.3756541,0.087796944
7182_2023,2023,7182,20230902,,0.001696884,15.32240993,190.2140933,0.087742575
7237_2023,2023,7237,20230901,8:53,0.001616784,16.08998554,173.7304257,0.087591225
7534_2023,2023,7534,20230901,8:19,0.001629809,18.11074284,130.451059,0.086513848
7409_2023,2023,7409,20200830,,0.001800579,17.25084145,157.8542894,0.086256289
7495_2023,2023,7495,20230901,,0.001852848,17.21290474,157.2402923,0.086228872
7230_2023,2023,7230,20230901,,0.001778077,14.19786346,214.6302638,0.086090173
7211_2023,2023,7211,20230901,,0.00184225,9.058886504,310.9641484,0.086002613
7122_2023,2023,7122,20230831,7:29,0.001659061,19.8093687,92.13548899,0.085740665
7358_2023,2023,7358,20200830,,0.001753842,15.23541572,192.2416072,0.085128138
7481_2023,2023,7481,20230901,7:50,0.001630187,15.7930474,169.4903273,0.084763644
7515_2023,2023,7515,20230901,8:39,0.001599113,14.37642488,194.7682846,0.083765582
7483_2023,2023,7483,20230901,,0.001647892,18.88778599,116.7622262,0.083613666
7464_2023,2023,7464,20230901,,0.001821556,14.26783924,204.5194335,0.083557749
7469_2023,2023,7469,20230901,7:06,0.001783191,15.97804383,159.934582,0.083305903
7169_2023,2023,7169,20230901,7:54,0.001626864,6.95803686,343.1757705,0.083248146
7342_2023,2023,7342,20200830,,0.00179425,16.41116843,161.264773,0.08294936
7535_2023,2023,7535,20230901,8:27,0.001630346,14.28858202,193.6160177,0.082905576
7052_2023,2023,7052,20230830,8:05,0.00165938,9.383417868,291.2641031,0.082755644
7231_2023,2023,7231,20230901,,0.001669444,13.99579544,208.4385859,0.082616715
7228_2023,2023,7228,20230901,,0.001750107,14.88419358,190.5974196,0.082555987
7352_2023,2023,7352,20230830,8:09,0.00161048,15.89673992,157.3202746,0.082366872
7511_2023,2023,7511,20230901,8:37,0.00157052,17.92296244,117.1736124,0.082278653
7033_2023,2023,7033,20200830,,0.001614237,7.640467918,331.4587787,0.081818955
7426_2023,2023,7426,20230831,7:00,0.001823302,14.93146359,173.6190434,0.081646982
7388_2023,2023,7388,20230901,,0.001771767,20.97370361,62.81015221,0.081234667
7253_2023,2023,7253,20230902,,0.001560953,6.503909339,350.3801591,0.081232839
7353_2023,2023,7353,20200830,,0.001713873,16.40016533,155.1302182,0.081193476
7210_2023,2023,7210,20230901,8:43,0.001531814,13.62149382,201.7081804,0.081142412
7351_2023,2023,7351,20200830,,0.001706019,18.9114519,99.15308333,0.080123098
7217_2023,2023,7217,20230901,,0.001552438,6.561206797,350.6683601,0.080005825
7031_2023,2023,7031,20230830,7:03,0.001718359,11.51577868,238.7234536,0.079779326
7138_2023,2023,7138,20230831,7:02,0.001818917,14.72420779,170.1789029,0.079688213
7547_2023,2023,7547,20230902,,0.001736199,18.50050803,128.8915193,0.07963479
7446_2023,2023,7446,20230831,6:48,0.001974755,15.82368031,142.5798526,0.07885542
7062_2023,2023,7062,20200830,,0.001694295,16.6050439,140.2235842,0.078531167
7443_2023,2023,7443,20230831,6:50,0.001953969,17.35328746,108.002464,0.078454436
7431_2023,2023,7431,20230831,6:43,0.001836287,11.72244763,228.874236,0.078305248
7086_2023,2023,7086,20230830,9:13,0.001561757,15.42748208,151.1810917,0.078251726
7494_2023,2023,7494,20230901,7:49,0.001564781,17.31089587,111.5891097,0.078035192
7432_2023,2023,7432,20230831,6:38,0.001974143,17.4903411,102.4977266,0.077893982
7182_2023,2023,7182,20230902,,0.001646884,18.63640993,191.2130933,0.077742575
7502_2023,2023,7502,20230901,8:12,0.001536664,18.62657196,80.51724082,0.077502723
7523_2023,2023,7523,20230901,,0.001589138,14.60828214,176.8458038,0.077367449
7443_2023,2023,7443,20230831,6:50,0.001929925,17.39358938,102.2479415,0.077328154
7335_2023,2023,7335,20200830,,0.001576653,19.14112674,79.64649244,0.076775875
7005_2023,2023,7005,20230830,7:07,0.001584606,6.219064093,345.6532632,0.076372667
7122_2023,2023,7122,20230831,7:28,0.001562113,16.29345636,123.9624863,0.076368368
7178_2023,2023,7178,20230901,,0.001641029,21.45152392,25.61375443,0.076164778
7386_2023,2023,7386,20230830,8:48,0.001542779,17.54387434,93.68445083,0.075689509
7484_2023,2023,7484,20230901,7:27,0.001561561,15.47115717,139.5887697,0.075350207
7020_2023,2023,7020,20200830,,0.001579501,17.03454862,113.1230058,0.074460098
7023_2023,2023,7023,20200830,,0.001511241,12.62815292,208.3163546,0.074351764
7162_2023,2023,7162,20230901,,0.001752848,16.21290474,161.7202923,0.074228872
7177_2023,2023,7177,20230901,,0.001545372,20.04623925,41.72999425,0.073625153
7081_2023,2023,7081,20200830,,0.001517771,10.22447719,256.627514,0.07337592
7265_2023,2023,7265,20230902,,0.001189362,15.23300116,206.8419937,0.072056212
7386_2023,2023,7386,20200830,,0.001602107,16.95729498,100.6309901,0.07189648
7249_2023,2023,7249,20230902,,0.001665707,9.11323998,170.9126529,0.071641899
7235_2023,2023,7235,20230901,,0.001530967,13.88828004,166.8323815,0.071128777
7045_2023,2023,7045,20230830,8:39,0.001408304,13.23841041,170.8123627,0.070985554
7351_2023,2023,7351,20200830,,0.001532896,13.01632477,185.1816704,0.070741936
7390_2023,2023,7390,20230902,,0.001533302,18.22878852,81.245641,0.070441916
7151_2023,2023,7151,20230831,7:16,0.001503228,3.488484582,399.4467668,0.070301497
7492_2023,2023,7492,20230901,,0.001554704,18.04079661,66.16680337,0.070149981
7492_2023,2023,7492,20230901,7:48,0.001408265,11.54564683,207.7046802,0.069789759
7251_2023,2023,7251,20230902,,0.001995491,15.39319216,114.2650081,0.069548943
7183_2023,2023,7183,20230901,,0.001520074,21.94708757,8.0058,0.069542389
7373_2023,2023,7373,20230901,,0.001544152,18.41213989,51.34466438,0.069125498
7536_2023,2023,7536,20230901,8:35,0.001359616,13.33283748,160.3033522,0.068655633
7436_2023,2023,7436,20230831,7:19,0.001478788,18.03891193,42.19562275,0.068310415
7075_2023,2023,7075,20200830,,0.001493358,19.63471131,16.56930348,0.068035386
7556_2023,2023,7556,20230902,,0.001285983,17.17931233,240.8443849,0.067358354
7059_2023,2023,7059,20200830,,0.001440994,15.23999971,115.9219538,0.067078114
7105_2023,2023,7105,20200830,,0.001425272,13.22800849,159.2838432,0.066041068
7432_2023,2023,7432,20230831,6:44,0.001722724,16.70813987,57.05325725,0.065750093
7205_2023,2023,7205,20230901,,0.001325504,8.533150805,273.075147,0.065687703
7013_2023,2023,7013,20230830,7:11,0.001355085,9.67221709,236.8356856,0.065469176
7404_2023,2023,7404,20230830,8:59,0.001338788,9.836608391,232.5718264,0.065394078
7090_2023,2023,7090,20230901,,0.001483828,17.50102661,48.85134237,0.065296764
7222_2023,2023,7222,20230901,8:49,0.001260784,11.39646799,194.3804508,0.065245295
7093_2023,2023,7093,20230830,9:16,0.001342353,12.59849683,160.9771196,0.065188334
7522_2023,2023,7522,20230901,8:28,0.001290958,9.469749358,242.106317,0.065102018
7442_2023,2023,7442,20230831,6:47,0.001799813,14.48048792,106.0648894,0.064583783
7259_2023,2023,7259,20230902,,0.001302188,14.33497876,90.67438682,0.064412866
7110_2023,2023,7110,20200830,,0.001345319,15.78635848,82.70365507,0.064079079
7216_2023,2023,7216,20230901,,0.001303534,13.85717926,133.3549611,0.063811087
7572_2023,2023,7572,20230902,,0.001657234,12.7556238,286.8512591,0.063725078
7358_2023,2023,7358,20230830,7:54,0.001311494,10.72599652,201.0403542,0.063306774
7097_2023,2023,7097,20230830,9:10,0.001264521,12.42296158,153.2404705,0.062555718
7183_2023,2023,7183,20230901,,0.001383871,21.99502344,2.7781,0.062534188
7105_2023,2023,7105,20200830,,0.001339464,11.09251245,197.2206361,0.062521542
7200_2023,2023,7200,20230901,7:34,0.001286238,14.30949771,103.8024398,0.062421349
7066_2023,2023,7066,20200830,,0.001329825,11.74627497,177.3578013,0.061898788
7335_2023,2023,7335,20200830,,0.001362716,14.23938324,111.7293871,0.061897775
7012_2023,2023,7012,20200830,,0.001300849,8.684016287,254.7727932,0.061505569
7258_2023,2023,7258,20230902,,0.001292188,11.33497876,105.6743868,0.061412866
7248_2023,2023,7248,20230902,,0.001967325,10.11145126,161.5516721,0.061126759
7361_2023,2023,7361,20230830,8:17,0.001187094,10.88290967,187.519643,0.061019166
7434_2023,2023,7434,20230831,6:45,0.001640599,14.62746561,79.15588294,0.060530367
7029_2023,2023,7029,20230902,,0.001267169,10.94089587,152.7209577,0.060460173
7067_2023,2023,7067,20230901,,0.001236367,18.17116428,14.5567,0.060353485
7379_2023,2023,7379,20200830,,0.001345066,12.14351292,156.9147054,0.060177033
7058_2023,2023,7058,20200830,,0.001292504,0.142,478.7794102,0.06001054
7462_2023,2023,7462,20230901,,0.001301101,13.88410044,109.6848727,0.059938164
7240_2023,2023,7240,20230901,8:45,0.001142774,11.20025639,170.1154454,0.058998481
7536_2023,2023,7536,20230901,8:36,0.001171086,10.9988161,175.0367133,0.058797437
7436_2023,2023,7436,20230831,7:19,0.001281068,14.89638194,62.68064439,0.05878852
7323_2023,2023,7323,20200830,,0.001265329,0.242236469,475.9465393,0.058552829
7455_2023,2023,7455,20230831,6:39,0.001387287,13.38438047,99.84624004,0.058063572
7216_2023,2023,7216,20230901,,0.00117245,9.987612771,204.0730722,0.057643082
7469_2023,2023,7469,20230901,,0.001283413,20.4795332,2.5567,0.057577929
7527_2023,2023,7527,20230901,,0.001228201,10.75180897,168.8534857,0.055226766
7240_2023,2023,7240,20230901,,0.001123332,6.270093815,299.9419878,0.055049583
7539_2023,2023,7539,20230901,,0.001175808,7.792181465,246.8671756,0.053217898
7237_2023,2023,7237,20230901,,0.001155981,9.098657692,204.8445374,0.052660489
7174_2023,2023,7174,20230901,,0.001151034,12.65016694,96.17873777,0.05251952
7471_2023,2023,7471,20230901,,0.001165451,10.75897089,150.308492,0.05203579
7150_2023,2023,7150,20230831,6:58,0.001289883,8.734428823,203.8027537,0.051962648
7520_2023,2023,7520,20230901,,0.001096663,12.33870908,96.2577134,0.051325068
7192_2023,2023,7192,20230901,,0.001201891,7.848513427,234.5828877,0.050971986
7163_2023,2023,7163,20230901,,0.001111831,24.10886458,0.567787,0.050748316
7200_2023,2023,7200,20230901,,0.001128078,9.426472189,178.2535246,0.049794355
7078_2023,2023,7078,20200830,,0.00108293,10.90179937,126.429963,0.049105074
7198_2023,2023,7198,20230901,,0.001084727,6.857165144,257.288466,0.048664127
7503_2023,2023,7503,20230901,,0.001065655,7.28820197,239.9671988,0.048155546
7094_2023,2023,7094,20200830,,0.000975891,7.453639039,234.234603,0.048001989
7058_2023,2023,7058,20200830,,0.001174,0.224,401.5673,0.047931
7008_2023,2023,7008,20200830,,0.000989228,1.49923733,432.0790322,0.047684455
7029_2023,2023,7029,20230902,,0.001567169,14.81089587,177.6209577,0.047460173
7043_2023,2023,7043,20230830,8:36,0.000964735,9.135784695,151.780289,0.04516433
7421_2023,2023,7421,20230831,7:00,0.001083271,7.849801791,193.9102799,0.04469483
7414_2023,2023,7414,20200830,,0.000980895,5.19317892,294.9465046,0.044563942
7535_2023,2023,7535,20230901,,0.000963551,6.024457149,265.9273454,0.044372232
7226_2023,2023,7226,20230901,8:51,0.000875502,1.462797397,429.201411,0.043755405
7110_2023,2023,7110,20200830,,0.000967404,8.876254919,154.4078151,0.043377147
7045_2023,2023,7045,20230830,8:38,0.000898573,6.965800351,218.9356784,0.04315875
7008_2023,2023,7008,20200830,,0.000893229,2.161459457,402.1445017,0.042745416
7205_2023,2023,7205,20230901,,0.000974543,6.696979657,230.3835014,0.042622565
7013_2023,2023,7013,20200830,,0.000961206,17.70084017,1.18745,0.042468528
7061_2023,2023,7061,20200830,,0.00091575,4.767898221,302.0617184,0.042332117
7543_2023,2023,7543,20230902,,0.001766651,15.38407691,202.839517,0.04197583
7027_2023,2023,7027,20200830,,0.000908874,13.67022295,7.9144,0.041832744
7539_2023,2023,7539,20230901,,0.000946956,8.951117301,137.8132477,0.041196108
7212_2023,2023,7212,20230901,8:13,0.000837327,7.796421416,169.959513,0.040490048
7511_2023,2023,7511,20230901,,0.000890043,7.80499898,169.9731158,0.039952185
7169_2023,2023,7169,20230901,,0.000899925,9.948781045,78.144268,0.039369868
7027_2023,2023,7027,20200830,,0.000818567,4.34970759,302.7771347,0.038191414
7174_2023,2023,7174,20230901,,0.000850003,18.6009006,0.11567,0.036935123
7520_2023,2023,7520,20230901,,0.000843303,11.05118893,10.9875,0.035718463
7502_2023,2023,7502,20230901,,0.000737813,7.945485835,90.57985087,0.032296573
7054_2023,2023,7054,20200830,,0.000634104,3.425646621,303.9209235,0.030448757
7506_2023,2023,7506,20230901,,0.000661801,0.992999548,424.8555588,0.028006588
7323_2023,2023,7323,20230830,7:39,0.000587765,0.670862867,444.093084,0.027810433
7226_2023,2023,7226,20230901,8:50,0.000517163,0.694228508,439.880275,0.025339971
7018_2023,2023,7018,20230830,7:06,0.000549323,0.151693005,471.1812857,0.023718263
7414_2023,2023,7414,20230830,8:53,0.000454556,2.526385834,288.2475728,0.02082408
7231_2023,2023,7231,20230901,,0.000360529,1.200629025,374.5835745,0.017425492
7031_2023,2023,7031,20230830,7:21,0.000370771,0.5122,432.130058,0.016231134
7012_2023,2023,7012,20230830,7:28,0.00033584,1.068600703,371.3864732,0.015319076
7054_2023,2023,7054,20200830,,0.000314909,1.850834702,275.5606922,0.014167662
7078_2023,2023,7078,20230830,8:19,0.000219957,0.006063099,480.8550006,0.009992314
7103_2023,2023,7103,,,,,,
7103_2023,2023,7103,,,,,,
