PLOT_YEAR,YEAR,GENOTYPE,PLOT,NTREATMENT,SUBPOPULATION,E,A,Ci,gsw,KERNELDRYWT_PERPLANT,DAYSTOSILK,AVGFLAGHT_CM
7101_2022,2022,787,7101,H,Mixed,0.00195955,12.89081859,134.9184196,0.066444757,47.0997,79,202.5
7303_2022,2022,787,7303,L,Mixed,0.001748305,8.134025328,328.2215805,0.091113204,31.18455,81,184.5
7042_2022,2022,52220,7042,H,Mixed,0.001735983,13.06707933,248.8303849,0.097358354,33.2540375,74,101
7309_2022,2022,52220,7309,L,Mixed,0.001509781,9.938178132,261.700331,0.076843089,32.2587,68,92
7092_2022,2022,A,7092,H,Broad origin-public ,0.002329788,15.42949631,161.4754244,0.0867044,18.59435,79,164
7074_2022,2022,A321,7074,H,Broad origin-public ,0.002813363,16.37491887,250.8592995,0.122875761,29.2127625,69,124
7336_2022,2022,A321,7336,L,Broad origin-public ,0.00232713,12.75523523,329.6608719,0.151961376,22.8072,65,117.5
7096_2022,2022,A415-1-3INBRED,7096,H,Mixed,0.003302034,19.77134015,181.2859078,0.124596679,35.3524,76,216
7308_2022,2022,A415-1-3INBRED,7308,L,Mixed,0.002117201,6.828578,370.8599234,0.107838737,23.497475,76,187
7113_2022,2022,A654,7113,H,Broad origin-public ,0.00433298,21.95898319,232.1001495,0.176170637,61.1414,58,111.5
7517_2022,2022,A654,7517,L,Broad origin-public ,0.00182201,4.294084967,345.8995299,0.060658066,49.904475,58,105
7049_2022,2022,A659,7049,H,Broad origin-public ,0.00308668,11.90165115,355.6983829,0.185970752,56.830825,67,153.5
7363_2022,2022,C123,7363,L,Mixed,0.00284709,16.22697489,238.6796571,0.118817934,39.90272,67,105
7317_2022,2022,A659,7317,L,Broad origin-public ,0.000895099,6.094403608,315.2276272,0.051099834,52.3138,65,150.5
7385_2022,2022,A674,7385,L,Mixed,0.003536496,18.98424375,256.2075864,0.17481729,40.898,65,129.5
7193_2022,2022,AM0776,7193,H,IDT,0.005638284,23.18355215,287.3888555,0.242418052,69.1076,61,156.5
7418_2022,2022,AM0776,7418,L,IDT,0.003676702,17.75512676,251.6450981,0.137856436,49.9722,64,142
7003_2022,2022,B10,7003,H,SS-BSSSC0,0.002276639,16.63409594,246.8355856,0.125279784,37.96065,80,166.5
7319_2022,2022,B10,7319,L,SS-BSSSC0,0.00131485,10.60778852,236.9515133,0.072702874,44.0319375,77,163
7103_2022,2022,B108,7103,H,Mixed,0.002572492,16.97747251,146.1709677,0.08946136,56.16545714,72,182.5
7347_2022,2022,B108,7347,L,Mixed,0.002551736,12.43386944,330.9088781,0.150082948,41.82765,77,181.5
7007_2022,2022,B73,7007,H,SS-B73,0.003515442,18.93359437,299.3488886,0.199276414,54.7808,73,177.5
7017_2022,2022,B73,7017,H,SS-B73,0.002554516,17.1835573,269.8657044,0.145043864,70.2956625,72,170
7025_2022,2022,B73,7025,H,SS-B73,0.002134289,13.62042959,304.4778297,0.136819125,48.5871125,74,169.5
7027_2022,2022,B73,7027,H,SS-B73,0.001515535,5.586342345,373.9868643,0.093069649,55.99125,72,174.5
7040_2022,2022,B73,7040,H,SS-B73,0.003220374,20.96564569,256.4083112,0.172121923,67.4336,77,191.5
7369_2022,2022,LH82,7369,L,Mixed,0.00384496,14.70809575,317.1193128,0.172740419,41.7204,65,114
7037_2022,2022,A674,7037,H,Mixed,0.00177788,9.972862884,317.4020858,0.106767532,50.7384,63,120.5
7046_2022,2022,B73,7046,H,SS-B73,0.004348554,23.27132527,275.2224781,0.220151241,63.7035,74,173.5
7081_2022,2022,B73,7081,H,SS-B73,0.004323971,18.27885767,312.3770129,0.212683615,83.615375,72,195
7102_2022,2022,B73,7102,H,SS-B73,0.00440259,26.23035764,187.2349208,0.182231332,73.3010625,73,182.5
7145_2022,2022,B73,7145,H,SS-B73,0.005620738,23.82546992,284.7019792,0.25394908,59.799,72,168.5
7201_2022,2022,B73,7201,H,SS-B73,0.005680164,27.1840327,260.4934773,0.249936582,87.3278,69,176.5
7316_2022,2022,B73,7316,L,SS-B73,0.002082381,10.35715084,271.593667,0.110038775,40.7381625,72,167
7331_2022,2022,B73,7331,L,SS-B73,0.001833499,14.61873509,169.8038365,0.098252513,6.9888,76,174
7335_2022,2022,B73,7335,L,SS-B73,0.002434164,28.19562638,196.5938874,0.184225181,41.862375,74,174.5
7348_2022,2022,B73,7348,L,SS-B73,0.001545385,9.132007993,273.4746569,0.079245423,26.15652857,76,172.5
7362_2022,2022,B73,7362,L,SS-B73,0.003145648,14.30221057,276.6947006,0.134616758,37.6223,76,163
7376_2022,2022,B73,7376,L,SS-B73,0.002978,13.94673537,262.2746423,0.120887454,64.8966625,82,170.5
7388_2022,2022,B73,7388,L,SS-B73,0.001710927,11.42542095,194.920818,0.070695443,29.493,74,160.5
7394_2022,2022,B73,7394,L,SS-B73,0.001516874,10.25891379,107.7460363,0.0466833,27.633,79,159
7409_2022,2022,B73,7409,L,SS-B73,0.00367303,21.86692785,186.434222,0.138796319,31.7343,74,166.5
7412_2022,2022,B73,7412,L,SS-B73,0.004173078,24.4867477,193.481895,0.172929075,44.9327125,72,163
7486_2022,2022,B73,7486,L,SS-B73,0.00409555,23.59945251,201.2310978,0.157683043,32.5867,76,167.5
7516_2022,2022,B73,7516,L,SS-B73,0.003747457,17.42851442,239.9610158,0.142734539,29.9598,76,158.5
7098_2022,2022,B77,7098,H,Mixed,0.003059423,20.3699945,172.4980513,0.116535924,61.57635714,73,201.5
7302_2022,2022,B77,7302,L,Mixed,0.001716728,17.20741997,175.6883901,0.097019767,32.593275,76,177.5
7034_2022,2022,B79,7034,H,Mixed,0.001871058,14.45151479,274.2570057,0.119402636,45.068625,71,133.5
7321_2022,2022,B79,7321,L,Mixed,0.00233694,12.70186489,324.40664,0.156623782,31.644725,72,133.5
7006_2022,2022,B8,7006,H,Broad origin-public ,0.002626098,9.135780039,373.1605224,0.152675091,52.525825,61,128
7361_2022,2022,B8,7361,L,Broad origin-public ,0.003161928,19.69149729,243.423604,0.153896627,49.96425,61,117.5
7008_2022,2022,C102,7008,H,Mixed,0.00331488,15.24103739,304.8483876,0.189315511,41.4238125,74,208
7368_2022,2022,C102,7368,L,Mixed,0.003917538,26.2901781,221.485314,0.193971175,38.841,77,195.5
7011_2022,2022,C123,7011,H,Mixed,0.002403873,9.446362287,348.447795,0.134300152,58.10931429,67,134
7091_2022,2022,B73,7091,H,SS-B73,0.004125904,17.62103218,308.489387,0.210094638,67.9581,76,173.5
7067_2022,2022,B73,7067,H,SS-B73,0.003441805,23.64312174,199.8727417,0.192508261,70.914025,74,178
7110_2022,2022,C49A,7110,H,Broad origin-public ,0.00372741,19.4999823,231.2382202,0.141895293,31.0824,58,119
7320_2022,2022,A,7320,L,Broad origin-public ,0.001239152,7.944841081,273.2878564,0.068590258,17.763825,76,172.5
7089_2022,2022,CI_91B,7089,H,Mixed,0.002846132,21.28939264,193.4856091,0.133370756,49.22591429,76,150
7355_2022,2022,CM37,7355,L,Broad origin-public ,0.001538334,2.568122387,422.3484872,0.073350775,34.1625625,54,101
7028_2022,2022,CM99,7028,H,SS-B14,0.001705213,3.46538284,419.1015533,0.093080361,29.124825,62,132.5
7405_2022,2022,CM99,7405,L,SS-B14,0.002681398,13.82331523,219.1365012,0.09402082,23.2058125,60,108
7100_2022,2022,CO125,7100,H,Broad origin-public ,0.003527752,14.28131663,255.9991068,0.133082852,30.92245,61,125
7315_2022,2022,CO125,7315,L,Broad origin-public ,0.002390257,5.214450962,397.5480598,0.140832891,21.8669,62,121.5
7390_2022,2022,CI_91B,7390,L,Mixed,0.002276831,13.65500235,188.8679609,0.083879063,30.037125,79,121.5
7029_2022,2022,CO216,7029,H,Broad origin-public ,0.001463529,18.0629999,153.1850254,0.094481047,40.7228125,62,136.5
7374_2022,2022,CO216,7374,L,Broad origin-public ,0.002107487,17.98948376,137.5626907,0.090574454,36.226325,65,137.5
7099_2022,2022,CO236,7099,H,Broad origin-public ,0.003817325,16.33853046,278.2211804,0.149852319,20.760375,63,121.5
7397_2022,2022,CO236,7397,L,Broad origin-public ,0.003113911,12.8105775,297.530461,0.115974592,24.34964,64,117.5
7018_2022,2022,DE3,7018,H,NSS-Oh43,0.001063624,6.571962233,275.6425036,0.057894678,54.5436,69,137.5
7387_2022,2022,DE3,7387,L,NSS-Oh43,0.002311032,12.49157578,265.0341672,0.100345785,41.2565875,67,132
7077_2022,2022,CM37,7077,H,Broad origin-public ,0.004783856,17.27212316,350.5543573,0.275223744,28.4340375,53,96
7330_2022,2022,DK3IIH6,7330,L,IDT,0.001957828,15.38299615,245.9550939,0.114780564,64.159375,67,154.5
7020_2022,2022,DK3IIH6,7020,H,IDT,0.001648338,24.5714388,69.32960298,0.113311731,65.9895,66,147
7366_2022,2022,H71,7366,L,Broad origin-public ,0.001995057,10.76945603,266.4717559,0.086462136,38.30695,72,166.5
7031_2022,2022,H84,7031,H,SS-B37,0.00232055,13.35756126,345.1670291,0.176593411,72.0658125,71,133.5
7326_2022,2022,H122w,7326,L,SS-B73,0.001940217,21.81960998,204.3302765,0.145799201,31.709,74,150.5
7012_2022,2022,H71,7012,H,Broad origin-public ,0.002174771,10.37012559,329.8330448,0.120296289,41.6368,72,162
7059_2022,2022,DKWDAD1,7059,H,SS-B73,0.003903865,25.29356523,235.1518632,0.205866568,52.62525,72,123.5
7343_2022,2022,DKHBA1,7343,L,Mixed,0.002448497,16.24999428,269.7216231,0.13833762,45.72485,76,172
7005_2022,2022,DKHBA1,7005,H,Mixed,0.002139008,10.13108559,335.8056578,0.119824201,64.143575,74,155
7307_2022,2022,DK8M129,7307,L,Mixed,0.001097351,11.98683377,192.9162509,0.067845158,13.87787143,69,153
7004_2022,2022,DK8M129,7004,H,Mixed,0.002778152,10.34653692,354.4062208,0.159410232,49.4724375,66,140.5
7340_2022,2022,DKWDAD1,7340,L,SS-B73,0.002229931,16.15310037,280.4524699,0.143693171,48.6453125,68,129
7065_2022,2022,INB101LFY,7065,H,SS-B14,0.002499355,13.94551112,213.7304877,0.092176993,38.54015,74,181
7393_2022,2022,H84,7393,L,SS-B37,0.002071371,9.186357253,269.2078342,0.077665569,45.903,74,119
7033_2022,2022,LH38,7033,H,NSS-Oh43,0.001879768,14.19981962,256.6370329,0.116620958,59.8849625,65,115
7391_2022,2022,INB101LFY,7391,L,SS-B14,0.001768174,12.55649742,135.21344,0.062947843,31.7379,78,168.5
7370_2022,2022,INBRED141,7370,L,Broad origin-public ,0.002428637,13.20342203,232.4377915,0.093097945,41.9392875,74,190
7045_2022,2022,K201,7045,H,Broad origin-public ,0.003167673,17.31524898,246.4368006,0.134788248,25.71351429,84,176.5
7311_2022,2022,K201,7311,L,Broad origin-public ,0.002505972,24.62968654,172.0660266,0.143836666,21.503475,88,164.5
7058_2022,2022,K64,7058,H,Mixed,0.002560044,16.21833591,209.8790348,0.106523038,55.9395625,82,194
7400_2022,2022,K64,7400,L,Mixed,0.003071238,17.79223667,195.7283121,0.110630822,26.0176875,83,170.5
7090_2022,2022,L289,7090,H,Mixed,0.001325889,4.151335697,341.8045024,0.040724977,31.4116,74,194
7372_2022,2022,L289,7372,L,Mixed,0.001637678,8.932893013,220.3950706,0.05855608,29.77462857,74,177
7021_2022,2022,LH123HT,7021,H,NSS-Oh43,0.001651575,23.43292079,90.45548405,0.114578054,47.9598625,76,193.5
7337_2022,2022,LH123HT,7337,L,NSS-Oh43,0.002145609,16.56508136,257.4256271,0.132119582,47.5302,76,178.5
7072_2022,2022,LH145,7072,H,SS-B14,0.005311814,11.08561343,400.0461522,0.25351158,30.66082857,62,129
7396_2022,2022,LH145,7396,L,SS-B14,0.003382929,13.17457617,293.1666107,0.12805206,24.384375,64,112
7087_2022,2022,LH149,7087,H,SS-B73,0.003907732,20.55646684,284.7023912,0.200926666,64.232025,64,152.5
7097_2022,2022,B73,7097,H,SS-B73,0.004792638,26.77722972,219.3654045,0.198006645,67.9494,70,178
7378_2022,2022,LH149,7378,L,SS-B73,0.003546397,14.60342558,294.1477535,0.152785672,46.6336,64,132.5
7398_2022,2022,LH184,7398,L,Mixed,0.001857124,11.6752935,141.8701188,0.059273427,35.4711,77,124.5
7044_2022,2022,LH195,7044,H,SS-B73,0.00139154,11.01102482,218.3658897,0.070693093,56.384825,74,132.5
7352_2022,2022,LH195,7352,L,SS-B73,0.002924408,15.61279199,309.0498232,0.167804303,49.8140375,82,130
7107_2022,2022,LH210,7107,H,NSS-Mo17,0.004032081,27.45740377,160.8507141,0.159578936,60.3103875,74,194.5
7338_2022,2022,LH210,7338,L,NSS-Mo17,0.001887917,16.33325691,222.8420925,0.113386325,32.16385714,80,182
7076_2022,2022,LH231,7076,H,SS-B73,0.002764933,20.55511104,179.8413591,0.13617972,65.689125,67,147
7389_2022,2022,LH231,7389,L,SS-B73,0.00279714,12.91490088,283.2011123,0.119447419,44.6818375,69,118
7401_2022,2022,LH38,7401,L,NSS-Oh43,0.002297007,13.6553729,149.4094229,0.071074125,39.0729,67,104
7019_2022,2022,LH61,7019,H,NSS-Mo17,0.002500957,10.36302459,344.1840913,0.139384173,42.6570375,65,106.5
7342_2022,2022,C49A,7342,L,Broad origin-public ,0.001298098,0.553929667,472.0480815,0.073290113,26.648325,60,105.5
7329_2022,2022,LH61,7329,L,NSS-Mo17,0.002077087,16.03992467,279.9143831,0.142313702,45.7959,65,130.5
7084_2022,2022,INBRED141,7084,H,Broad origin-public ,0.002444483,19.42202537,164.5469293,0.108089783,60.262775,74,207
7064_2022,2022,LH184,7064,H,Mixed,0.002538844,12.35089378,259.5711905,0.103548163,49.628425,79,145
7001_2022,2022,LH82,7001,H,Mixed,0.003166227,18.29869537,300.6285555,0.194612587,41.8704,64,107.5
7071_2022,2022,H122w,7071,H,SS-B73,0.002133654,13.78313642,193.7395514,0.08339488,57.3231,72,167
7057_2022,2022,LH85,7057,H,Broad origin-public ,0.003163826,11.05770796,383.6988367,0.225574359,42.76045,61,111.5
7414_2022,2022,Mo13,7414,L,Broad origin-public ,0.003190148,21.86007713,147.7347443,0.12007223,20.89285714,88,158
7023_2022,2022,Mo24W,7023,H,Broad origin-public ,0.002103068,22.53449887,179.8523357,0.138660069,22.76905714,80,199.5
7339_2022,2022,Mo24W,7339,L,Broad origin-public ,0.002659074,15.98488233,299.7284458,0.161388637,24.93271429,82,184.5
7125_2022,2022,Mo30W,7125,H,Mixed,0.002162632,11.12218788,203.738145,0.070549391,10.373775,83,180.5
7423_2022,2022,Mo30W,7423,L,Mixed,0.003596519,20.36198881,210.7976365,0.138093351,10.0035,83,169
7078_2022,2022,Mo44,7078,H,Broad origin-public ,0.001958803,11.84474458,257.6825369,0.07896526,33.1942,52,206
7334_2022,2022,Mo44,7334,L,Broad origin-public ,0.001802092,12.06988945,300.8736076,0.116953223,13.40385,86,185
7070_2022,2022,MoG,7070,H,Mixed,0.00212291,8.764045742,297.5505737,0.094327851,50.9379375,78,205.5
7328_2022,2022,MoG,7328,L,Mixed,0.001752526,13.44238681,237.8615555,0.103551201,16.3467,82,192.5
7061_2022,2022,MS200,7061,H,Broad origin-public ,0.002717336,18.33584301,241.5278105,0.167475028,51.54645,67,114.5
7304_2022,2022,MS200,7304,L,Broad origin-public ,0.001520147,14.12719871,201.8551281,0.087027367,36.2232,65,122.5
7052_2022,2022,MS222,7052,H,SS-B37,0.003238703,18.69709418,308.2152773,0.213664725,60.2326125,75,131.5
7351_2022,2022,MS222,7351,L,SS-B37,0.002641747,14.05434945,305.0889559,0.150224749,40.1291125,78,135
7093_2022,2022,N28,7093,H,SS-BSSSC0,0.002520127,16.53925603,229.0596043,0.115597875,53.3292,74,159.5
7305_2022,2022,N28,7305,L,SS-BSSSC0,0.001221902,5.85985655,327.1614385,0.063177583,34.698625,80,145
7114_2022,2022,N501,7114,H,SS-BSSSC0,0.003116989,23.53496713,106.7341791,0.111836088,79.928475,67,175
7485_2022,2022,N501,7485,L,SS-BSSSC0,0.004224897,21.7288472,230.4449507,0.163681863,44.632,69,143.5
7094_2022,2022,N6,7094,H,Broad origin-public ,0.003259765,19.08674275,265.1123565,0.161318166,52.678175,71,146
7356_2022,2022,N6,7356,L,Broad origin-public ,0.00180903,11.91029923,288.1452224,0.104219439,37.7253,76,132.5
7032_2022,2022,NC232,7032,H,Mixed,0.001609653,13.80726685,212.9600931,0.100045008,64.7427,78,127.5
7377_2022,2022,NC232,7377,L,Mixed,0.002161669,11.79058175,180.6829593,0.077775064,47.8536375,86,132
7016_2022,2022,NC236,7016,H,Mixed,0.001312113,12.50545653,200.3274471,0.074877015,19.1219,83,126
7407_2022,2022,NC236,7407,L,Mixed,0.003225297,20.58280606,139.431141,0.122381988,21.8852625,83,131.5
7066_2022,2022,NC324,7066,H,SS-B37,0.001494338,10.60262604,295.1453736,0.096778787,43.589925,74,168.5
7036_2022,2022,ND249,7036,H,Broad origin-public ,0.001973984,6.615862579,393.9540027,0.12999274,46.249875,84,91.5
7214_2022,2022,Mo13,7214,H,Broad origin-public ,0.003975648,18.76866321,241.2607364,0.160366752,36.6912,84,164
7333_2022,2022,NC324,7333,L,SS-B37,0.002067991,12.43533371,310.9688199,0.131447441,27.051675,78,161.5
7327_2022,2022,ND249,7327,L,Broad origin-public ,0.001293593,6.260028268,372.5942572,0.087847446,25.418,55,95.5
7271_2022,2022,PHK93,7271,H,NSS-Oh43,0.00297418,15.64551728,224.4807647,0.102704782,44.3073,78,175
7050_2022,2022,W604S,7050,H,NSS-Mo17,0.002056984,9.034326766,309.7477113,0.099295097,51.35655,65,137.5
7354_2022,2022,ND259,7354,L,Broad origin-public ,0.002377459,7.176275515,390.3637391,0.147925537,40.291875,58,115
7041_2022,2022,NevehYaar159,7041,H,Mixed,0.003274786,18.69967501,262.5487924,0.164166975,61.803875,69,177
7406_2022,2022,NevehYaar159,7406,L,Mixed,0.003578561,20.88354776,196.767945,0.135739939,39.67226667,70,148.5
7068_2022,2022,NK807,7068,H,SS-B37,0.003430578,11.03018309,331.9617445,0.139714435,62.8063875,61,149.5
7095_2022,2022,Oh43,7095,H,NSS-Oh43,0.003887634,17.0974347,296.8840438,0.185377205,59.101125,69,137.5
7371_2022,2022,Oh43,7371,L,NSS-Oh43,0.00390976,23.43135599,248.0767947,0.186382431,70.05675,70,144.5
7047_2022,2022,Oh7B,7047,H,Mixed,0.002617302,14.28432795,277.3536125,0.138262498,60.4125,77,201.5
7382_2022,2022,Oh7B,7382,L,Mixed,0.003235627,16.98598695,184.0539828,0.118624681,31.3761,80,190
7258_2022,2022,OQ601,7258,H,IDT,0.003228158,17.020772,200.6597795,0.118150697,47.186175,65,142.5
7411_2022,2022,OQ601,7411,L,IDT,0.003325593,19.18996282,198.2609676,0.122762922,48.577575,66,144.5
7048_2022,2022,Pa468,7048,H,Broad origin-public ,0.002500677,17.40684361,283.8509809,0.158482564,58.5398,69,146.5
7410_2022,2022,PHK93,7410,L,NSS-Oh43,0.00329313,26.63643014,88.17249534,0.121578149,32.079925,81,161
7358_2022,2022,Pa468,7358,L,Broad origin-public ,0.002888401,16.73942032,232.2306392,0.121054261,44.9645,69,137.5
7301_2022,2022,PHEM9,7301,L,SS-B37,0.002909977,22.34601382,236.7724879,0.171856995,47.59895,63,122.5
7085_2022,2022,PHG80,7085,H,SS-B37,0.003209181,18.91794261,251.316914,0.150725394,52.08635,67,156
7353_2022,2022,PHG80,7353,L,SS-B37,0.002258441,17.34717781,226.4161224,0.124216781,46.10585714,69,156
7026_2022,2022,PHJ65,7026,H,Mixed,0.000916022,3.311125403,386.2591763,0.050021813,50.23414286,76,200
7345_2022,2022,PHJ65,7345,L,Mixed,0.00250638,17.3585529,281.3240843,0.15859853,43.03114286,78,185.5
7035_2022,2022,PHJ70,7035,H,Mixed,0.002323782,13.52371067,314.0352689,0.144899155,56.05,72,161.5
7383_2022,2022,PHJ70,7383,L,Mixed,0.004277288,17.37800195,268.8593788,0.171582113,35.9001875,74,175
7079_2022,2022,PHK56,7079,H,NSS-Oh43,0.004737497,24.17826126,283.4148559,0.239000862,77.0261375,69,164
7324_2022,2022,PHK56,7324,L,NSS-Oh43,0.002516316,20.76947732,284.0660115,0.209837335,38.3316,70,133
7009_2022,2022,PHK76,7009,H,NSS-Oh43,0.001997718,6.950727683,372.9683418,0.110887379,51.2930375,67,141.5
7373_2022,2022,PHK76,7373,L,NSS-Oh43,0.004685283,16.76565602,329.4285013,0.219584527,61.3985,64,138.5
7062_2022,2022,ND259,7062,H,Broad origin-public ,0.003298994,19.53571595,237.6391421,0.146185873,39.75508571,61,115
7010_2022,2022,PHEM9,7010,H,SS-B37,0.00245336,4.009096817,428.3310154,0.130092247,54.35495,65,111
7024_2022,2022,PHKM5,7024,H,Mixed,0.002304422,13.97502652,310.4025616,0.146503098,40.6231,62,106.5
7322_2022,2022,NK807,7322,L,SS-B37,0.001223419,10.20751324,252.999681,0.074371866,44.9980375,62,142
7051_2022,2022,R168,7051,H,Broad origin-public ,0.001796048,9.533914057,329.8995393,0.107931554,23.7216875,67,147.5
7063_2022,2022,PHN11,7063,H,IDT,0.003507093,15.54321361,310.8766321,0.168101063,55.4718125,63,114.5
7386_2022,2022,PHN11,7386,L,IDT,0.002321766,15.10674488,203.4232303,0.095857815,47.822325,64,111
7039_2022,2022,PHN47,7039,H,IDT,0.0016069,11.1813553,216.3297238,0.070465835,55.58845714,79,191.5
7360_2022,2022,PHN47,7360,L,IDT,0.002486774,17.56238388,201.9682577,0.114595425,24.0256,84,167
7060_2022,2022,PHP60,7060,H,Mixed,0.003820647,27.45782974,209.2245589,0.191909429,60.53171429,81,155
7367_2022,2022,PHP60,7367,L,Mixed,0.002307067,14.42923465,213.4786208,0.093963575,40.30942857,84,172
7170_2022,2022,PHPR5,7170,H,Mixed,0.004900557,22.19266706,266.5207644,0.204018441,67.468275,65,151.5
7408_2022,2022,PHPR5,7408,L,Mixed,0.002830299,19.56894282,138.3793379,0.100455166,53.09033333,67,142
7022_2022,2022,PHR25,7022,H,IDT,0.002157498,22.02021235,225.1711327,0.156070781,52.0938,61,114
7314_2022,2022,PHR25,7314,L,IDT,0.003700327,9.212261671,396.888689,0.208868085,47.4148125,58,123
7312_2022,2022,LH85,7312,L,Broad origin-public ,0.003989486,12.09125243,379.8251827,0.233351836,41.430625,58,120
7106_2022,2022,PHR32,7106,H,Mixed,0.003916072,25.16354106,162.4031819,0.145549892,45.3309125,76,190.5
7167_2022,2022,PHRE1,7167,H,SS-B37,0.003921535,20.70000855,224.7836151,0.15030401,37.344125,60,102.5
7420_2022,2022,PHRE1,7420,L,SS-B37,0.003794839,18.56224348,235.3752693,0.139065924,38.8409625,60,91
7043_2022,2022,PHT11,7043,H,SS-B37,0.003119762,12.30942787,338.7913707,0.169397801,59.8599,67,201
7359_2022,2022,PHT11,7359,L,SS-B37,0.003406702,13.86230696,324.2156311,0.158900895,48.8269375,74,179
7056_2022,2022,PHTE4,7056,H,SS-B37,0.003180968,10.58404356,351.031592,0.145130537,61.39125,64,133
7344_2022,2022,PHTE4,7344,L,SS-B37,0.00143129,3.784406332,392.6899495,0.075531396,42.8952375,64,136.5
7014_2022,2022,PHVA9,7014,H,SS-B37,0.001189151,5.437025904,326.3413153,0.068388996,49.537975,67,146.5
7357_2022,2022,PHVA9,7357,L,SS-B37,0.002234409,11.81219709,303.9432582,0.123486712,11.594,72,154.5
7002_2022,2022,PHW03,7002,H,Mixed,0.002573148,21.41272696,221.3644922,0.149470016,66.131625,64,167.5
7109_2022,2022,PHW17,7109,H,SS-B73,0.002216651,11.27184391,210.825517,0.07197583,62.153925,69,189.5
7313_2022,2022,PHW17,7313,L,SS-B73,0.002077017,12.93925008,271.4892562,0.110009777,52.47775,69,175.5
7325_2022,2022,PHKM5,7325,L,Mixed,0.00171945,15.24805148,263.3343783,0.122783857,41.02675,61,123.5
7350_2022,2022,PHR32,7350,L,Mixed,0.001191819,9.247311963,236.4099206,0.065000375,33.701225,77,158
7404_2022,2022,PHM10,7404,L,IDT,0.003134394,19.54058706,169.9142599,0.117357774,50.60295,69,123
7108_2022,2022,PHM10,7108,H,IDT,0.003082901,20.57817807,157.3014282,0.113393664,60.5740875,67,154.5
7384_2022,2022,PHW03,7384,L,Mixed,0.00337868,19.43546878,212.0836793,0.133117325,44.3982,65,175.5
7399_2022,2022,PHZ51,7399,L,Mixed,0.003059566,21.14866366,138.7640908,0.109475713,30.07251429,74,146
7073_2022,2022,PHZ51,7073,H,Mixed,0.003640397,19.00668625,272.0605832,0.171751729,58.201275,69,172
7306_2022,2022,R181B,7306,L,Broad origin-public ,0.002358487,21.63140601,201.3651853,0.138765519,45.36675,69,156.5
7243_2022,2022,SD42,7243,H,Broad origin-public ,0.004036897,18.20143462,252.1191014,0.165131626,56.9962,67,153.5
7413_2022,2022,SD42,7413,L,Broad origin-public ,0.002804004,18.04735462,156.4967535,0.097888,36.935925,69,146.5
7082_2022,2022,Va26,7082,H,NSS-Oh43,0.004542463,21.50164223,296.972859,0.230472023,60.7449375,70,197.5
7341_2022,2022,Va26,7341,L,NSS-Oh43,0.002228554,15.70049451,276.5844454,0.136463648,71.432125,71,180.5
7318_2022,2022,R168,7318,L,Broad origin-public ,0.001456441,7.161442958,331.6570718,0.082261117,21.85855714,65,147.5
7083_2022,2022,Va85,7083,H,Mixed,0.002228767,7.345867636,310.347136,0.087820494,65.91375,76,203
7364_2022,2022,Va85,7364,L,Mixed,0.002767059,18.75981996,217.9779815,0.127800517,47.640075,78,157
7086_2022,2022,Va99,7086,H,Mixed,0.002219996,13.79748532,211.3441224,0.090587913,68.573525,72,157.5
7392_2022,2022,Va99,7392,L,Mixed,0.002039408,13.89008498,162.549713,0.079840362,48.5095,71,133.5
7038_2022,2022,W117HT,7038,H,Broad origin-public ,0.001717601,9.268970627,347.5466269,0.11888422,42.5398875,61,101.5
7402_2022,2022,W117HT,7402,L,Broad origin-public ,0.003822333,18.88728101,241.8933746,0.144590696,29.0297375,61,86.5
7015_2022,2022,R181B,7015,H,Broad origin-public ,0.000768459,2.858419752,301.9828169,0.042693126,51.337975,72,164.5
7381_2022,2022,W32,7381,L,Broad origin-public ,0.004455215,16.77406377,285.5237604,0.173383493,56.83125,67,140.5
7053_2022,2022,W32,7053,H,Broad origin-public ,0.003077789,12.56349464,337.9581937,0.146978461,50.01566667,74,139.5
7365_2022,2022,R134,7365,L,Broad origin-public ,0.001966516,14.03634562,166.5066625,0.076614329,33.2061,78,175
7075_2022,2022,R134,7075,H,Broad origin-public ,0.002246984,16.42808317,197.2815271,0.092987483,79.2072,76,192.5
7013_2022,2022,ZS01250,7013,H,Mixed,0.00151409,7.921050583,302.498167,0.075053885,45.9484375,64,119.5
7332_2022,2022,WU-TAN-TZAO,7332,L,Mixed,0.002108438,23.96360609,200.6902152,0.154253254,43.7106,73,165.5
7375_2022,2022,ZS01250,7375,L,Mixed,0.00411432,23.65314717,259.0048951,0.230055744,42.6924,65,121
7403_2022,2022,W802G,7403,L,Mixed,0.002710416,16.40764224,163.1327832,0.099164411,7.0495875,63,91
7030_2022,2022,W802G,7030,H,Mixed,0.002974206,11.79095806,383.3115666,0.245457465,9.580125,63,89
7310_2022,2022,W604S,7310,L,NSS-Mo17,0.001828443,6.166746645,372.6128681,0.096810443,40.316325,64,134
7532_2022,2022,W601S,7532,L,NSS-Mo17,0.003259652,20.27876571,169.1433238,0.118032859,35.0250875,71,107.5
7112_2022,2022,W601S,7112,H,NSS-Mo17,0.004907146,31.38862974,179.8479921,0.202836192,44.488275,69,110.5
7105_2022,2022,WU-TAN-TZAO,7105,H,Mixed,0.003570945,21.16567557,177.3381005,0.139049742,61.43908571,69,176.5
7118_2023,2023,787,7118,L,Mixed,0.002995243,28.91371908,171.7348539,0.160752138,52.59,94,163
7555_2023,2023,52220,7555,H,Mixed,0.003141541,21.48595268,246.9860152,0.159317127,22.96,88,84
7097_2023,2023,52220,7097,L,Mixed,0.001636115,16.40053711,150.7238293,0.083631567,22.72,84,158
7494_2023,2023,A,7494,H,Broad origin-public ,0.001665975,14.99403485,177.6209577,0.083747683,12.13,93,134
7242_2023,2023,A321,7242,L,Broad origin-public ,0.001432204,11.97975909,321.2557788,0.114285986,14.11,79,98
7462_2023,2023,A321,7462,H,Broad origin-public ,0.001653875,14.88591551,156.2316035,0.078226617,39.8,84,121
7120_2023,2023,A415-1-3INBRED,7120,L,Mixed,0.002680814,23.03895104,210.0740271,0.15067994,26.95,86,172
7327_2023,2023,A415-1-3INBRED,7327,H,Mixed,0.00237824,20.67470452,192.8355423,0.119679482,25.12,85,182
7383_2023,2023,A674,7383,H,Mixed,0.0020338,18.91554206,180.5752239,0.107771905,31.89,74,108
7102_2023,2023,A654,7102,L,Broad origin-public ,0.002922875,14.15766678,306.9776165,0.149251548,26.07,66,100
7018_2023,2023,A659,7018,L,Broad origin-public ,0.001746709,9.100742508,380.0816958,0.089110542,17.54,77,124
7371_2023,2023,A659,7371,H,Broad origin-public ,0.002096055,21.77996121,152.9589206,0.114182894,34.51,77,147
7226_2023,2023,A674,7226,L,Mixed,0.000696333,1.078512953,434.540843,0.034547688,24.68,75,83
7198_2023,2023,AM0776,7198,L,IDT,0.001599546,12.43178977,223.5447015,0.074739844,61.37,74,130
7430_2023,2023,AM0776,7430,H,IDT,0.002750256,23.19866627,140.8327698,0.12038275,61.59,84,160
7137_2023,2023,B10,7137,L,SS-BSSSC0,0.002639714,17.6080492,244.0007789,0.134465509,27.17,87,134
7404_2023,2023,B108,7404,H,Mixed,0.001582614,11.45354318,239.0494369,0.079620668,43.73,77,151
7133_2023,2023,ZS01250,7133,L,Mixed,0.002692116,19.50991141,247.7829025,0.146697138,33.5,69,104
7511_2023,2023,B73,7511,H,SS-B73,0.001230282,12.86398071,143.5733641,0.061115419,18.55,91,159
7022_2023,2023,CO125,7022,L,Broad origin-public ,0.004997749,8.253284047,325.8367864,0.272044865,16.16,66,102
7124_2023,2023,B108,7124,L,Mixed,0.002037578,19.2750415,174.4235064,0.107121416,46,85,160
7178_2023,2023,C123,7178,L,Mixed,0.001814745,17.45499251,146.804264,0.089239754,41.35,74,109
7075_2023,2023,B73,7075,L,SS-B73,0.001825311,18.25623922,117.6503348,0.086438183,28.02,84,142
7110_2023,2023,B73,7110,L,SS-B73,0.001156362,12.3313067,118.5557351,0.053728113,44.37,85,148
7090_2023,2023,B73,7090,L,SS-B73,0.001872665,19.42550146,113.8436005,0.090421799,42.01,87,141
7396_2023,2023,A654,7396,H,Broad origin-public ,0.002928796,19.13168428,267.8775997,0.152710157,42.16,70,99
7520_2023,2023,B73,7520,H,SS-B73,0.001292203,15.61814318,67.23254868,0.063375494,48.58,89,161
7258_2023,2023,B73,7258,L,SS-B73,0.001623959,14.65290841,158.6061763,0.09060337,55.42,86,148
7446_2023,2023,B73,7446,H,SS-B73,0.002221962,22.54118232,104.2484731,0.101634616,56.23,83,163
7523_2023,2023,B77,7523,H,Mixed,0.002026112,17.85196717,185.7137612,0.0991508,13.04,94,166
7059_2023,2023,B79,7059,L,Mixed,0.001818332,18.05799214,135.8438655,0.085774376,71.67,74,186
7023_2023,2023,B8,7023,L,Broad origin-public ,0.001849526,10.53386504,282.1604501,0.094759748,24.99,66,118
7429_2023,2023,B8,7429,H,Broad origin-public ,0.002501428,19.28394433,187.9661087,0.113721282,54.32,71,123
7086_2023,2023,C102,7086,L,Mixed,0.002079681,17.6692875,196.618221,0.112473605,33.91,85,171
7549_2023,2023,C102,7549,H,Mixed,0.003798684,25.06819366,411.9972039,0.219083704,38.69,91,170
7314_2023,2023,C123,7314,H,Mixed,0.003498684,24.11819366,361.108704,0.235583705,31.96,75,120
7207_2023,2023,C49A,7207,L,Broad origin-public ,0.002183951,13.12063462,296.0153585,0.109084648,19.45,67,87
7459_2023,2023,C49A,7459,H,Broad origin-public ,0.002434292,26.42027298,99.14374541,0.120923557,33.96,74,120
7012_2023,2023,CI_91B,7012,L,Mixed,0.000818345,4.876308495,313.0796332,0.038412323,22.61,85,120
7431_2023,2023,CI_91B,7431,H,Mixed,0.001906742,13.23901818,216.5018553,0.0843437,29.68,88,134
7054_2023,2023,CM37,7054,L,Broad origin-public ,0.000474507,2.638240662,289.7408079,0.02230821,14.62,62,97
7427_2023,2023,CM37,7427,H,Broad origin-public ,0.001946487,15.46493285,196.5594213,0.092063933,22.11,64,84
7058_2023,2023,CM99,7058,L,SS-B14,0.001233252,0.183,440.1733551,0.05397077,18.16,65,114
7323_2023,2023,CM99,7323,H,SS-B14,0.000926547,0.456549668,460.0198116,0.043181631,18.77,64,109
7379_2023,2023,B73,7379,H,SS-B73,0.001736472,17.11321293,147.7339609,0.085534455,37.77,83,144
7043_2023,2023,B73,7043,L,SS-B73,0.001406231,12.9834289,168.5526624,0.07085688,28.46,84,142
7013_2023,2023,B73,7013,L,SS-B73,0.001158146,13.68652863,119.0115678,0.053968852,19.95,82,134
7249_2023,2023,Mo24W,7249,L,Broad origin-public ,0.001912391,11.54906116,233.3205494,0.113515268,33,91,182
7414_2023,2023,L289,7414,H,Mixed,0.000717726,3.859782377,291.5970387,0.032694011,32.52,84,171
7008_2023,2023,CO236,7008,L,Broad origin-public ,0.000941229,1.830348394,417.1117669,0.045214936,24.55,72,113
7342_2023,2023,DE3,7342,H,NSS-Oh43,0.001866445,17.09434953,164.5969126,0.087637531,41.52,82,122
7121_2023,2023,DK3IIH6,7121,L,IDT,0.00216566,15.69363473,246.7190615,0.115907347,37.85,76,141
7353_2023,2023,DK3IIH6,7353,H,IDT,0.001944642,20.31123449,146.1996238,0.101600061,69.02,77,128
7200_2023,2023,DK8M129,7200,L,Mixed,0.001207158,11.86798495,141.0279822,0.056107852,39.6,76,138
7541_2023,2023,DK8M129,7541,H,Mixed,0.003025908,14.47865509,256.7794439,0.139215431,46.61,76,145
7105_2023,2023,DKHBA1,7105,L,Mixed,0.001382368,12.16026047,178.2522397,0.064281305,26.48,88,126
7324_2023,2023,DKHBA1,7324,H,Mixed,0.003239174,24.56079692,243.4408253,0.171653951,58.05,83,154
7328_2023,2023,DKWDAD1,7328,H,SS-B73,0.002397152,14.36776278,282.0970983,0.119038158,27.71,76,118
7150_2023,2023,DKWDAD1,7150,L,SS-B73,0.001621298,9.792870492,249.5871213,0.075523454,35.08,77,118
7037_2023,2023,CO216,7037,L,Broad origin-public ,0.002774817,20.59181982,183.681522,0.10293426,38.05,69,123
7217_2023,2023,H122w,7217,L,SS-B73,0.001707045,11.42614052,282.0607591,0.091442968,12.78,87,159
7212_2023,2023,H71,7212,L,Broad origin-public ,0.001615189,11.56075099,226.4306636,0.086887558,18.76,84,166
7421_2023,2023,H71,7421,H,Broad origin-public ,0.002003791,17.08148739,183.916887,0.09855538,39.78,83,154
7338_2023,2023,H84,7338,H,SS-B37,0.002438417,17.23425905,244.5603851,0.130027903,43.53,83,130
7126_2023,2023,H84,7126,L,SS-B37,0.003035728,27.86190736,138.5693844,0.144817711,61.76,83,131
7125_2023,2023,INB101LFY,7125,L,SS-B14,0.002445165,25.52645515,123.1745244,0.124351984,15.14,89,164
7527_2023,2023,INB101LFY,7527,H,SS-B14,0.001671121,17.57749317,142.1284079,0.084734027,22.94,93,162
7045_2023,2023,INBRED141,7045,L,Broad origin-public ,0.001153438,10.10210538,194.8740206,0.057072152,14.45,85,169
7373_2023,2023,INBRED141,7373,H,Broad origin-public ,0.001857967,21.26184762,72.62845357,0.085488061,34.96,82,150
7442_2023,2023,K201,7442,H,Broad origin-public ,0.002349558,21.54922171,131.4366471,0.111026268,29.22,95,156
7352_2023,2023,Mo24W,7352,H,Broad origin-public ,0.002033411,20.49401981,147.7570019,0.101104257,20.5,91,168
7386_2023,2023,K64,7386,H,Mixed,0.001572443,17.25058466,97.15772047,0.073792995,63.76,89,175
7085_2023,2023,DE3,7085,L,NSS-Oh43,0.002531356,21.3295599,198.5837312,0.123378271,36.95,83,120
7439_2023,2023,CO236,7439,H,Broad origin-public ,0.002250875,20.53544272,155.8488801,0.105988764,29.33,77,129
7231_2023,2023,L289,7231,L,Mixed,0.001014987,7.598212233,291.5110802,0.050021104,27.08,83,164
7228_2023,2023,LH123HT,7228,L,NSS-Oh43,0.00185116,16.79175764,173.9326766,0.08817437,48.96,88,176
7093_2023,2023,LH145,7093,L,SS-B14,0.001592368,14.89810454,166.8841606,0.079900047,23.32,73,115
7538_2023,2023,LH145,7538,H,SS-B14,0.003588403,12.74741587,326.7993309,0.210286031,28.82,71,114
7503_2023,2023,LH149,7503,H,SS-B73,0.00153993,13.43192615,205.546832,0.077772643,43.63,71,132
7138_2023,2023,LH149,7138,L,SS-B73,0.002210358,18.39523239,191.4444052,0.111980848,53.35,67,131
7240_2023,2023,LH184,7240,L,Mixed,0.001133053,8.735175103,235.0287166,0.057024032,21.72,87,127
7443_2023,2023,LH184,7443,H,Mixed,0.001941947,17.37343842,105.1252028,0.077891295,26.67,101,137
7256_2023,2023,LH195,7256,L,SS-B73,0.002547277,10.5092433,320.0302642,0.172501698,21,94,107
7351_2023,2023,LH195,7351,H,SS-B73,0.001619458,15.96388834,142.1673769,0.075432517,61.34,85,122
7205_2023,2023,LH210,7205,L,NSS-Mo17,0.001150024,7.615065231,251.7293242,0.054155134,31.12,84,173
7358_2023,2023,LH210,7358,H,NSS-Mo17,0.001532668,12.98070612,196.6409807,0.074217456,65.96,82,183
7343_2023,2023,CO216,7343,H,Broad origin-public ,0.002687634,25.98990626,188.7403509,0.15275793,35.51,73,127
7545_2023,2023,LH231,7545,H,SS-B73,0.00312959,22.0038146,264.8553762,0.155296229,46.23,78,123
7560_2023,2023,LH38,7560,H,NSS-Oh43,0.002416238,14.41100412,215.3153623,0.108379527,56.73,77,126
7139_2023,2023,LH61,7139,L,NSS-Mo17,0.002840961,22.15739068,225.4461305,0.15448679,36.67,70,121
7455_2023,2023,LH61,7455,H,NSS-Mo17,0.001906135,19.42176584,110.6388557,0.090455418,37.98,74,123
7026_2023,2023,LH82,7026,L,Mixed,0.002663772,19.53227008,241.4350497,0.133119584,26.78,68,99
7534_2023,2023,LH82,7534,H,Mixed,0.001747402,18.2298526,150.1242555,0.093044251,33.1,75,105
7010_2023,2023,LH85,7010,L,Broad origin-public ,0.002430364,9.341587159,349.1088427,0.118603483,19.13,69,108
7380_2023,2023,LH85,7380,H,Broad origin-public ,0.002620857,27.95379065,133.3047854,0.136297761,44.39,75,106
7251_2023,2023,Mo13,7251,L,Broad origin-public ,0.002698435,15.66141249,257.6527604,0.140699686,13.65,102,153
7385_2023,2023,LH123HT,7385,H,NSS-Oh43,0.002319275,24.6398753,125.1630065,0.11294053,32.93,94,147
7467_2023,2023,CO125,7467,H,Broad origin-public ,0.002408383,7.259396576,392.0668315,0.13347228,14.98,65,105
7033_2023,2023,NevehYaar159,7033,L,Mixed,0.001949633,10.13537363,305.0068545,0.094401617,29.98,81,146
7551_2023,2023,PHRE1,7551,H,SS-B37,0.003356329,20.26420465,236.4583459,0.149417437,50.68,77,124
7031_2023,2023,Mo44,7031,L,Broad origin-public ,0.001044565,6.01398934,335.4267558,0.04800523,22.44,85,162
7547_2023,2023,PHKM5,7547,H,Mixed,0.00217031,17.73776728,214.6470405,0.118068944,25.44,68,134
7265_2023,2023,MoG,7265,L,Mixed,0.001806136,13.49852345,247.1962837,0.088192031,16.81,91,154
7501_2023,2023,MoG,7501,H,Mixed,0.002007939,17.39726708,200.2462938,0.102929092,51.36,90,174
7481_2023,2023,MS200,7481,H,Broad origin-public ,0.001899811,17.97103122,177.6056057,0.100762348,15.36,80,125
7146_2023,2023,MS200,7146,L,Broad origin-public ,0.002088976,14.72500797,239.1645325,0.100487622,33.86,76,124
7557_2023,2023,MS222,7557,H,SS-B37,0.002830926,23.61102707,255.7968848,0.171567371,12.89,101,138
7502_2023,2023,N28,7502,H,SS-BSSSC0,0.001137239,13.2860289,85.54854585,0.054899648,41.99,90,155
7218_2023,2023,N501,7218,L,SS-BSSSC0,0.001878502,20.08149379,113.8467125,0.08878809,29.06,85,150
7334_2023,2023,N501,7334,H,SS-BSSSC0,0.002384291,25.77756456,130.5775135,0.127745815,59.26,77,146
7153_2023,2023,N6,7153,L,Broad origin-public ,0.002727031,28.66079377,95.39349435,0.134373125,32.92,90,124
7484_2023,2023,N6,7484,H,Broad origin-public ,0.00170224,18.04719955,129.3651967,0.085768805,48.54,87,134
7042_2023,2023,NC232,7042,L,Mixed,0.002140583,21.29126693,173.7402815,0.118796979,75.42,89,127
7236_2023,2023,NC236,7236,L,Mixed,0.002633412,15.64448444,219.8231562,0.109522981,26.44,94,130
7237_2023,2023,NC324,7237,L,SS-B37,0.001386383,12.59432162,189.2874816,0.070125857,27.14,87,151
7539_2023,2023,NC324,7539,H,SS-B37,0.001061382,8.371649383,192.3402117,0.047207003,36.1,83,158
7506_2023,2023,ND249,7506,H,Broad origin-public ,0.00170869,3.012169496,423.3542666,0.08223908,15.2,66,83
7253_2023,2023,ND259,7253,L,Broad origin-public ,0.002671584,14.38405006,255.4920259,0.112383751,21.89,69,112
7491_2023,2023,ND259,7491,H,Broad origin-public ,0.00295553,23.54518211,215.6818434,0.155048241,30.76,74,126
7531_2023,2023,Mo44,7531,H,Broad origin-public ,0.00256016,22.91813678,196.7445013,0.136348406,15.25,93,167
7345_2023,2023,NC232,7345,H,Mixed,0.001985567,22.67394553,117.9101962,0.104872876,65.98,86,111
7119_2023,2023,PHK93,7119,L,NSS-Oh43,0.002152096,20.76069629,178.8942669,0.116416765,32.75,94,139
7426_2023,2023,H122w,7426,H,SS-B73,0.002085111,20.02133291,116.8843588,0.092027372,48.19,86,163
7106_2023,2023,Oh43,7106,L,NSS-Oh43,0.002363912,18.30966043,226.413818,0.123106572,34.03,77,112
7412_2023,2023,Oh43,7412,H,NSS-Oh43,0.001857349,27.68500023,183.9115338,0.153559545,55.15,76,132
7355_2023,2023,Oh7B,7355,H,Mixed,0.002334132,22.93453397,161.0641448,0.12848816,59.4,85,178
7260_2023,2023,Oh7B,7260,L,Mixed,0.003416891,19.10815947,298.8689499,0.156154908,63.83,91,167
7027_2023,2023,OQ601,7027,L,IDT,0.000863721,9.00996527,155.3457674,0.040012079,24.39,74,126
7311_2023,2023,OQ601,7311,H,IDT,0.002946039,22.88607488,233.8060989,0.156166144,45.34,73,148
7025_2023,2023,Pa468,7025,L,Broad origin-public ,0.002620167,15.25735289,300.527249,0.146949195,27.66,74,107
7471_2023,2023,PHEM9,7471,H,SS-B37,0.001801129,16.48165685,160.4528601,0.087682918,44.73,74,101
7094_2023,2023,PHEM9,7094,L,SS-B37,0.001589577,10.72720612,258.6063513,0.08147383,46.04,76,123
7405_2023,2023,NK807,7405,H,SS-B37,0.003321399,27.12222239,226.483699,0.185283874,52.84,69,131
7441_2023,2023,PHJ70,7441,H,Mixed,0.003221365,16.33310828,220.6879316,0.148021004,69.55,88,161
7211_2023,2023,PHJ65,7211,L,Mixed,0.001836751,13.18920155,246.4269681,0.091833937,14.95,98,162
7302_2023,2023,PHJ65,7302,H,Mixed,0.003370955,23.83802901,251.4795487,0.189284251,67.8,83,207
7259_2023,2023,PHJ70,7259,L,Mixed,0.002379274,13.94321099,151.1884399,0.099054356,47.83,83,175
7083_2023,2023,PHK56,7083,L,NSS-Oh43,0.002430754,20.9797157,204.3177913,0.128274234,35.99,83,140
7329_2023,2023,PHK56,7329,H,NSS-Oh43,0.002715706,23.93502239,198.988281,0.152967289,52.09,81,141
7432_2023,2023,PHK76,7432,H,NSS-Oh43,0.001848433,17.09924049,79.77549193,0.071822037,50.61,77,134
7529_2023,2023,PHK93,7529,H,NSS-Oh43,0.002066867,20.58868777,151.8072093,0.103855062,29.9,100,166
7183_2023,2023,PHKM5,7183,L,Mixed,0.001451973,21.97105551,5.39195,0.066038289,22.25,69,111
7235_2023,2023,PHG80,7235,L,SS-B37,0.001867515,15.55934608,202.3345815,0.092996863,38.54,75,128
7464_2023,2023,PHG80,7464,H,SS-B37,0.002455009,19.37019142,215.9428726,0.127752801,47.73,76,130
7536_2023,2023,Mo30W,7536,H,Mixed,0.001265351,12.16582679,167.6700328,0.063726535,20.08,94,164
7388_2023,2023,PHM10,7388,H,IDT,0.002209326,22.58855677,124.1846228,0.108138621,41.06,82,146
7381_2023,2023,PHN11,7381,H,IDT,0.002796629,27.04842086,174.8470699,0.150483624,48.17,74,114
7122_2023,2023,PHP60,7122,L,Mixed,0.001610587,18.05141253,108.0489876,0.081054517,35.37,88,161
7335_2023,2023,PHP60,7335,H,Mixed,0.001469685,16.69025499,95.68793977,0.069336825,70.99,85,180
7151_2023,2023,PHR25,7151,L,IDT,0.002395839,4.54596924,413.3988848,0.124744463,32.7,67,114
7305_2023,2023,PHR25,7305,H,IDT,0.003017078,16.87319553,312.5463086,0.17112558,38.8,65,117
7216_2023,2023,PHR32,7216,L,Mixed,0.001237992,11.92239602,168.7140167,0.060727085,6.47,95,161
7301_2023,2023,PHR32,7301,H,Mixed,0.002508003,30.6289391,81.25554163,0.128770073,29.69,83,166
7230_2023,2023,PHRE1,7230,L,SS-B37,0.002025173,17.36207346,216.1777381,0.110410668,42.91,66,104
7067_2023,2023,PHT11,7067,L,SS-B37,0.001708463,21.10064569,68.07472645,0.084884298,17.13,81,182
7543_2023,2023,PHT11,7543,H,SS-B37,0.002498613,16.10412939,256.7208119,0.105724529,86.01,88,193
7174_2023,2023,PHTE4,7174,L,SS-B37,0.001000518,15.62553377,48.14720388,0.044727322,36.86,71,128
7515_2023,2023,PHTE4,7515,H,SS-B37,0.001925631,19.5265077,166.384497,0.103834868,43.89,76,147
7213_2023,2023,PHVA9,7213,L,SS-B37,0.002289026,12.12474094,322.9834179,0.115811281,18.16,77,150
7403_2023,2023,PHVA9,7403,H,SS-B37,0.00289801,25.28157718,210.0200607,0.17090721,44.88,74,144
7222_2023,2023,PHW03,7222,L,Mixed,0.001573035,14.76713884,185.8794546,0.083089446,27.55,75,152
7556_2023,2023,PHW03,7556,H,Mixed,0.001772702,18.18864635,203.5298965,0.096382173,49.89,87,163
7542_2023,2023,PHW17,7542,H,SS-B73,0.00292228,17.20009885,313.5124977,0.12197575,48.95,81,168
7127_2023,2023,PHW17,7127,L,SS-B73,0.002014977,21.80508842,133.739941,0.106795363,56.26,85,162
7038_2023,2023,PHZ51,7038,L,Mixed,0.002430315,15.18670467,278.5273926,0.125748785,26.16,79,139
7176_2023,2023,PHN11,7176,L,IDT,0.003037753,23.14834938,240.3685203,0.164677122,54.37,70,108
7522_2023,2023,R134,7522,H,Broad origin-public ,0.001866216,14.9046043,217.1478949,0.090343169,53.88,93,187
7248_2023,2023,R134,7248,L,Broad origin-public ,0.001949165,10.53388563,245.8387942,0.082256544,79.55,86,169
7081_2023,2023,R168,7081,L,Broad origin-public ,0.001800854,15.87655352,199.5772084,0.091280502,27.55,76,129
7257_2023,2023,R181B,7257,L,Broad origin-public ,0.002642826,17.45238298,249.1211141,0.152270734,44.29,80,147
7525_2023,2023,R181B,7525,H,Broad origin-public ,0.003028016,22.73062876,238.260889,0.161983456,54.14,83,148
7020_2023,2023,SD42,7020,L,Broad origin-public ,0.001661154,13.61078617,205.1621204,0.083747584,33.22,82,125
7463_2023,2023,SD42,7463,H,Broad origin-public ,0.003584772,30.81114485,191.403399,0.193740943,51.21,84,135
7005_2023,2023,Va26,7005,L,NSS-Oh43,0.002078575,8.789996052,337.3394286,0.103249594,30.17,79,156
7535_2023,2023,Va26,7535,H,NSS-Oh43,0.001296949,10.15651958,229.7716815,0.063638904,41.65,83,153
7087_2023,2023,Va85,7087,L,Mixed,0.0024697,25.06865805,156.3372391,0.135118061,63.75,89,146
7104_2023,2023,Va99,7104,L,Mixed,0.002094398,11.95717653,280.1166694,0.105059844,44.12,87,132
7225_2023,2023,W117HT,7225,L,Broad origin-public ,0.002694967,15.63424232,285.7270008,0.121737458,13.38,68,66
7552_2023,2023,PHZ51,7552,H,Mixed,0.003723446,23.50708853,240.5916353,0.151834145,50.22,89,152
7559_2023,2023,W117HT,7559,H,Broad origin-public ,0.002857961,21.25911454,367.8522457,0.186228291,36.12,76,106
7400_2023,2023,W601S,7400,H,NSS-Mo17,0.002344921,23.02147829,167.387409,0.127658189,17.69,77,112
7078_2023,2023,W601S,7078,L,NSS-Mo17,0.000651444,5.453931235,303.6424818,0.029548694,28.12,85,123
7052_2023,2023,W604S,7052,L,NSS-Mo17,0.001972947,14.32439177,248.1118382,0.10176708,29.93,74,128
7572_2023,2023,W604S,7572,H,NSS-Mo17,0.002007109,12.39497529,293.2994852,0.086510088,50.37,76,122
7434_2023,2023,W802G,7434,H,Mixed,0.002299187,20.01246016,90.38646977,0.088659841,8.16,74,81
7063_2023,2023,W802G,7063,L,Mixed,0.002519083,22.07388407,193.9214415,0.127856456,8.48,71,79
7177_2023,2023,WU-TAN-TZAO,7177,L,Mixed,0.002047915,22.67800672,96.52253363,0.103462359,31.77,82,146
7409_2023,2023,WU-TAN-TZAO,7409,H,Mixed,0.002036144,20.3222485,160.4441079,0.103135702,41.57,83,148
7390_2023,2023,R168,7390,H,Broad origin-public ,0.001709824,20.453929,81.2639358,0.083524428,28.96,83,142
7436_2023,2023,W32,7436,H,Broad origin-public ,0.001379928,16.46764694,52.43813357,0.063549468,27.97,89,138
7337_2023,2023,ZS01250,7337,H,Mixed,0.00329142,22.75322852,256.5224596,0.189633418,38.35,67,100
